name,rating,reviews,category,address_lane1,phone,status,website,maps_url,address,plus_code,hours,about,lat,lng,photos
Juniper Glen Memory Care Assisted Living,4.2,,Assisted living facility,8820 Transit Rd,+1 (716) 671 4742,Open 24 hours,https://www.sunshineretirementliving.com/juniper-glen-assisted-living-east-amherst/?utm_source=local&utm_medium=organic&utm_campaign=gmb,https://www.google.com/maps/place/Juniper+Glen+Memory+Care+Assisted+Living/data=!4m7!3m6!1s0x89d3767c9339bda9:0xdaf5acb6d8186ffb!8m2!3d43.0082459!4d-78.6979706!16s%2Fg%2F11g86kx_vp!19sChIJqb05k3x204kR-28Y2Las9do?authuser=0&hl=en&rclk=1,"8820 Transit Rd, East Amherst, NY 14051"," 2852+7R East Amherst, New York",,"[""Accessibility: wheelchair accessible entrance, wheelchair accessible parking lot, wheelchair accessible restroom, wheelchair accessible seating""]",43.0082459,-78.6979706,"https://lh3.googleusercontent.com/gps-cs-s/APNQkAHsOoe2j1dMzshqozHDdSkynVhQirHFcgz-r7byMoQtiz6nR2soolzEX2zIz9i3m24GWb6jazVZNUk9TgUCP8FUrdlvph5c2KoPBhpF93LsLekNKbilHFLOtV8z1mHmYMhkWuA87FKMC-HC=w32-h32-p-k-no, https://lh3.googleusercontent.com/gps-cs-s/APNQkAHsOoe2j1dMzshqozHDdSkynVhQirHFcgz-r7byMoQtiz6nR2soolzEX2zIz9i3m24GWb6jazVZNUk9TgUCP8FUrdlvph5c2KoPBhpF93LsLekNKbilHFLOtV8z1mHmYMhkWuA87FKMC-HC=s2000-k-no, https://lh3.googleusercontent.com/gps-cs-s/APNQkAGCib6QckbDm6hhj2UyT_KFIv_3f1rt52724mVDUpQn53D0yBKtW3DxK6wj8KieQhHoy7QGvMHzvdicfQ48dZef5KJTpZT7f7t3PSaGspgAJsgAqvYq0SL9aRLeudHfCG0-2LKs2c7TLAGN=s2000-k-no, https://lh3.googleusercontent.com/gps-cs-s/APNQkAEQc_a2-WFHfWmsxIlxix3s8o7qoaEQFr7IH8sBdbnTZRPRU-FRdiZ1TSzkGacZiIZvYrt2fSqZiTBHzRfWbLHVdU1mt_5uaziHW8zWrqM4kF5E-fuDWhQoevccWeYf23DQkxtlR8Bga-LX=s2000-k-no, https://lh3.googleusercontent.com/gps-cs-s/APNQkAEib3rktVqPI2PepJs_i-OA1fRM49zGzfYCLC50einZHx1lKJBwUXL65mEZHRSLHEqLM9bTETDyGryVm7a_Qg9oLvgoUpV1xeXt4QAKSdwCgj_bkVHMCYtcRxwCBSAmF0NYT00KneciIqc=s2000-k-no, https://lh3.googleusercontent.com/gps-cs-s/APNQkAGAFBhxD4IyZGdbkrhuf_Sx9cb2252KDbHRW-8axejNTId9bEpxpqFSBYHJ053t1NF1O_r5fUTzqGUBb2-mczQoMdyJ8OHTE60boPJmIOXa6gJhJS3Gn7tXSA8IEHSpyzoAaN_fDQ=s2000-k-no, https://lh3.googleusercontent.com/gps-cs-s/APNQkAGT-wU0hQLlrcusary3iv_fMwkPJ9TDITnrGRoGqrVqH0uJ7F5_rYiBrmRUh-Y6ytH9yooqVBh3hY00fXQv-WLbbw4D4O49c3AnKmTIDDcAyVA5jauTy9kldX2Lx-b6dkw4SDFFQTbp3ZM=s2000-k-no, https://lh3.googleusercontent.com/gps-cs-s/APNQkAGaYolTUV4ZXuhLG-KMTKWy9BR7-8D43oB5GqcvSv_xwzRwWppEm7UAqD-rDE_GpqIxkEjM1X0mayIiiFSjm-kwIq4fkJDaOXHBSW5j92jNrq3yN0vpsE7IKpO7s3L3pwM8rvxt=s2000-k-no, https://lh3.googleusercontent.com/gps-cs-s/APNQkAE6pMie0iMd_wnvpx1TBI60wTiGV2L3ZEHWcljhXbu9L1SffUpQsUAiED51sPxr8S4NgVi4wzbaxIGh-XkrzhqRT8FVMUwvPZJJDKIOuUnPiRsCiaFaRb4SesWrAF8X1cxz4ZA0S9ju5y0S=s2000-k-no, https://lh3.googleusercontent.com/gps-cs-s/APNQkAEmoKnmapwD5Kvyiqrgp_JidcrLQ4FrEPSX7t1eHeXulap9CWnLF4Nro1fPcdtrLFsOdBmiZUsYjy8ioOb7tv94FzOoYW3nlI4Hp1hJAvJowCul1vRYkWb-ekmpcwSrtpt1bEs=s2000-k-no, https://lh3.googleusercontent.com/gps-cs-s/APNQkAFAiEx6ybNqb5-PtM0JBR5RHmsZt1odk_eY13-87KiSPWYeehVOH569VK6g4Lza0_QJrDfvfgxQ6AVtSh2VWRPu0Fg2EebGtMSppKgDD2deQdLSUxc2uUGDijiglhb9P5sfhjVu=s2000-k-no, https://lh3.googleusercontent.com/gps-cs-s/APNQkAGwNXJ97MjmiKtIoUv1q0QcPLA9iS9hvG93PBMbNdqloqT7DZF-N6pwFX41LIsreOhfXavPmKLpKg7s7ABe15uBM4o6QW_Kh00Z0FH8a5TZOvSBBxDpwP0Zjnw7oMxE4jBtVSbHRd97wR32=s2000-k-no, https://lh3.googleusercontent.com/gps-cs-s/APNQkAGrtd8RYWjZk6B_YcHcJdzpdiKBMxl3hD6HfHdVj8PRgeGvGYIGtuI_VKlvBKJsf-nespHfatbXYBZvygImtkM3EXIBfPvFifIFQi5KDuIFUGj3PwuA_q1X_LleRb_w376xtp-biQ=s2000-k-no, https://lh3.googleusercontent.com/gps-cs-s/APNQkAEzonBzMagFk2sUPIbb1zYMLAarRKoNdejlA7xJt5OJJd-H06lKRT7pIyzd71dZS8Ugkd4ltHIFirf6LG_qYqhZuBR3BwlkpEjV6mplEfXOjusAh5xW8m131LIRzhUIRWiXAb1N=s2000-k-no, https://lh3.googleusercontent.com/gps-cs-s/APNQkAH5us5-mhyIsRGlMKVvA0m9idGfzin8GK8TIQTZPZlpX20Sfwpg5n0IiZwcyEuizsIWDfFfHZWRZtWVNkGmD7TBYnRBkwJRfanKi50stHBC7tQn-LLnpIImvKM2ZRYqv_jwAMTLJgMTdSIv=s2000-k-no, https://lh3.googleusercontent.com/gps-cs-s/APNQkAHQuvWE8ZKhZfn-ujSxqHtqcaP7b19dwbkAa-Ipeti3Alg1UylKOxIPY95UGcnpZP8sFMOK2M3W5SF3ArKRBeSjwQvz4cLDl6rD0lDdUPnIVcWP_ytmgTJRMy91oWapqMmuerRmRiDea_8r=s2000-k-no, https://lh3.googleusercontent.com/gps-cs-s/APNQkAEbKkt3cnkam7tD29ZrGteGnEDa84M_9kGBdVtLogSKAtiRe7ri6XDs0TBf4xu5hGKvB0wncKFpVWrRK94NV80HTI-nAuW9dAmLHn-FFMCYYwqLWIPk2xlhsapWxj8p4awI61Q7OxGxRVEP=s2000-k-no, https://lh3.googleusercontent.com/gps-cs-s/APNQkAGwo7InP49MNDzYQLG1RW0-giWgDpcODGloxuMV6dY85dhgxyMZsP3AcjS_KViEEYgCkeg6TcbKpnjutuYZx0f-XBw5aXpUnhxdkLh-amc7yWJ9MB8EIMIEN5Qlxp22EL9zu9ylT_uQwlQ=s2000-k-no, https://lh3.googleusercontent.com/gps-cs-s/APNQkAEq7xYbhakE4IC0BH8nOhQKnmPvWxQfJcn9FaYhtHshJJl_NqBDhPYhbDh4TbpwPThc1nHb6hUq_Eqr8CrsPojepZBVR-5I4t89XrY7vv3cVkDuZ13nttdDXzDICsQlolLaR-Gb9blUxxo4=s2000-k-no, https://lh3.googleusercontent.com/gps-cs-s/APNQkAGmZCrSMIJsYgWLl9547LD-pG4zIoCLXpjywV_E21IgLEk9H118ABNe1_i8ieuLPQE9Vxmb65iICfmK3ayCMteBzjEW0F0DZrQnX-N6Ok7VjtNpzqVqmOJ4fwLxT4LxOrWiwP4jVQ=s2000-k-no, https://lh3.googleusercontent.com/gps-cs-s/APNQkAFeUN_70XI1TQkQMeR9KPTON2RwhCXwZpoD7ZPO6WykeEqwmrQDSvVINhltwvd1qb4Ecl18ppXX773VKSaRXmrj1bUMr6Tu2P4FKcBsk-eLmgJLfPvfllAyMdHEcCO2OwqKSAfboSvLAku3=s2000-k-no, https://lh3.googleusercontent.com/gps-cs-s/APNQkAE-2AR2Iin04mffszLcoP1zJx-gXmCM15YNGE5zLmAvxtxvQ2jYA3FYelHA20X6KeEI29bv_V8u7cstsKAc_aMTz4czo6D9dVs3fnsgjzoVbsbq5GxVsbV-ivjuIdcd1KqdWEC1Weo4r_I=s2000-k-no, https://lh3.googleusercontent.com/gps-cs-s/APNQkAFE_IOzhXllZlZwNj5hnq5g6d4XkvqNF80Q0rEYCjcQB88f3X3Gk1u48BprIIlNvVDziH8c5rruMVqnYL3ZdPvu3zOePJSHk4qW0uFOgwis2oPWioAXcmj1OT51iTdCO93kFPBDukD1cas=s2000-k-no, https://lh3.googleusercontent.com/gps-cs-s/APNQkAGMrVqYjU0BQhfJXMdnY570Ug1UZ7-gzqOcpFQ4A_NH1ao0tTk_n3w0RzTbGYjrTlCVeC7DFPq70hXsGalWJRcMXTKt9VQQZCWxsN33FvQ71Ki2WQ4LERlZhVcB1n7ECi18LTo8guUh16w=s2000-k-no, https://lh3.googleusercontent.com/gps-cs-s/APNQkAHyYK7LfsEx2b7r6PIY7Z78yelg-hlAZWNKfPLyWVrlSzyRHe4CoY2cXfvzFTloId2KJ4Y0Twt9RbMqsDIo2kmt387dujfNKwJ95m9oeSkjvYUmR6RdnMBACACyq4ua1XoSdRx6M4nN90jI=s2000-k-no"
"Peregrine Senior Living at Orchard Park | Memory Care in Orchard Park, NY",4.8,27,Assisted living facility,101 Sterling Dr,+1 (716) 675 1022,Open 24 hours,https://peregrineorchardpark.com/,"https://www.google.com/maps/place/Peregrine+Senior+Living+at+Orchard+Park+%7C+Memory+Care+in+Orchard+Park,+NY/data=!4m7!3m6!1s0x89d30f43edb41e85:0xe7e449f9d019aa18!8m2!3d42.789881!4d-78.7655541!16s%2Fg%2F1tg_bglm!19sChIJhR607UMP04kRGKoZ0PlJ5Oc?authuser=0&hl=en&rclk=1","101 Sterling Dr, Orchard Park, NY 14127"," Q6QM+XQ Orchard Park, New York","[""Tuesday: Open 24 hours   \ue14d"", ""Wednesday: Open 24 hours   \ue14d"", ""Thursday: Open 24 hours   \ue14d"", ""Saturday: Open 24 hours   \ue14d"", ""Sunday: Open 24 hours   \ue14d"", ""Monday: Open 24 hours   \ue14d""]","[""Accessibility: wheelchair accessible entrance, wheelchair accessible parking lot""]",42.789881,-78.7655541,"https://lh3.googleusercontent.com/gps-cs-s/APNQkAHYRwxbJ3KciybeeTSww896ANlgseqWVsmyh5w5d61_I1vHRIWmmg2OPf9wT8r0iedhcTGGsuclG9K6WzB91E2d1NhjTIw1rJZTZrGfhCpQrc-RzjKP05kdNrDRxnO6lwqLWKjwZw=w32-h32-p-k-no, https://lh3.googleusercontent.com/gps-cs-s/APNQkAHYRwxbJ3KciybeeTSww896ANlgseqWVsmyh5w5d61_I1vHRIWmmg2OPf9wT8r0iedhcTGGsuclG9K6WzB91E2d1NhjTIw1rJZTZrGfhCpQrc-RzjKP05kdNrDRxnO6lwqLWKjwZw=s2000-k-no, https://lh3.googleusercontent.com/gps-cs-s/APNQkAF3GeLPIUz_WSK_MnkChBpfe-smqQDPMSR6EYHCDW5TnrRW7cRMjrfkJlTibWFwN85J4paSye-L1CinBwxRgBBA9tOmaIu8mdLuKTCCq0c7UINskUAVulHhLMu4WxCnqEBFNjHJ=s2000-k-no, https://lh3.googleusercontent.com/gps-cs-s/APNQkAFLM-wOUsPhbQljRR8SgimyA_Rxenkp5_SAGxlLyyWMrlJ2MvmG2nlQ3r80j5b3AVeU0-1k4MaDryi1hRMwNHFEkF5gePSIlbzKaynIAQ1YC6I61UPkklktoV7-DXSToiVuFzr2=s2000-k-no, https://lh3.googleusercontent.com/gps-cs-s/APNQkAHAoHLDFDZx_xS3OtcwxBM72KF8lxKQ8EBs96nVKFep5PW7BIQIu32UZuOR8aG0qAOh8kHonm5SoROGaGh_dgrwJyEqNko5tIZjPtr48ZEvXedb14pzOsB2kPQ4dXDLfBEbEDXMcA=s2000-k-no, https://lh3.googleusercontent.com/gps-cs-s/APNQkAFF2pCi_rjC9xpBBbef9Zq_dg2kJlYKIBxrjYDKVXbA7cYDe2oZI2t0OafJkn2oYDq5AjcBA1x7EbAx7UmqCI7dLylynMTKR3FbO536HPxqHiXbom-LcpOAfsXa82BwlUI_KEmmbw=s2000-k-no, https://lh3.googleusercontent.com/gps-cs-s/APNQkAGVZ0_eWpfeXNzWgbXCghLTbQUDJid9l4r2D05RmKIfFC7ojt7PFl8Jn6Y73yIV_Q22jurJ0KqIGQMFIt0GQahxMo8ce49QXsiwv2L14gnUf6EVPZVDE3zwrAIUzQuggUBT2et9=s2000-k-no, https://lh3.googleusercontent.com/gps-cs-s/APNQkAEeqq-AMZyrc1TwD2lSAq-cHqLdkULCgjdt9wOczVYGPVzgOP6irB_obJbX6zZov3nCTOw01dLPFl-cY8tYybWTTlmSoPK7GoRHm4sxO8-WTaI5bA1c06O-RMnw4Ta13waQlIUF=s2000-k-no, https://lh3.googleusercontent.com/gps-cs-s/APNQkAEgfWjRAXhvIxTe53uEiTESthxHxkIalZliG0OgUmZTRy7R7U5k7fTJveiQ53bsRyZd2uXPejxaFwBRruBbszxF7mHJREIDfm2WnZIntN-lUu67oLNft7KrbYiGBUc1yAlowYC1zw=s2000-k-no, https://lh3.googleusercontent.com/gps-cs-s/APNQkAEp8x6X692ohxJv8b7GIyk8VVT-q9QCiCqRkyqNA_rbU2suVXdRZk5dCJB97nH2RSa28CoK_6c0URPIuN5R_44cjmd2wTSRqPj8odAcBv4yliBneijSufzamDwGewBCGOYOkhePAA=s2000-k-no-pi-0-ya79.4363-ro-0-fo100, https://lh3.googleusercontent.com/gps-cs-s/APNQkAHU2ngjje6IZ1HT03VvALCGKfrrSEuJ-LLMgbIG5FQshknWhAOkla9I27RXSjcee9MC1zigbKu_KGzMfZZ35sbH37ZWMSQokd9QW7oykFTefDKPNG6UyhnrNxhlLMYAU6pISV2z=s2000-k-no, https://lh3.googleusercontent.com/gps-cs-s/APNQkAGInwklHrljiPl8XXi-ge2FoaQ3YAQKA3aBtogzzr7pnoTFxl5O_HcGMapNpvNEaSWRPXwdQgG2caSRK144tnBSnJhCx9jDwe5XX2yWvgzMeJitZlE_IZEYd6V67-muyB03F0Q=s2000-k-no-pi-10-ya4.3641076-ro-0-fo100, https://lh3.googleusercontent.com/gps-cs-s/APNQkAE4zNHqAAFJnBmLAV5SnMiXHWZW5YKCixbZf0kC-hYgn3RViV1B80la8kEyfyjufOJvLYbthAnVdtctUNAwn-GnaY_pze7vMn7Zn6rm9UeA1828Ry5hkUeTVObKzSNQyadAQ4e3tA=s2000-k-no-pi-0-ya186.22316-ro0-fo100, https://lh3.googleusercontent.com/gps-cs-s/APNQkAFe4aDTnmpHtSNpeLtHcqVCp4KDaC0T8fyJg8wkD34AeEdQrrmXdc8XTkKzFcyrxyEyj0ySv5bGNbkGHZcc4EerUihBziq8FcUVTi3Q0aFHlqB0rJ7FrobardoEShgunZ7Dvzuzew=s2000-k-no-pi-0-ya44.13148-ro-0-fo100, https://lh3.googleusercontent.com/gps-cs-s/APNQkAHfDp0BrLK_PnaYIW2EnJVMN2J2tw3dY1u2Pd-ztPkJsolfaCoaYfkwPOJVGRA0pXZHIWyrmXga3CXVUmTS59RP895YDSbBK_dQIPiACBh5e6_CPHJXi0x5Ti7rIARKbHCflATKLw=s2000-k-no-pi-0-ya0.880306-ro-0-fo100, https://lh3.googleusercontent.com/gps-cs-s/APNQkAGu5AooUTsLfCA94wDb_G0z2w8WwBPioOJufyqR4DY13fedfpD99UaRnbaWMGa07BsJmUkzc5DxHAe0ntmmjGJTwufGn-ElCj2SRmdDb1v2cupcZdWS_szzY-cBWoJbgcxLZTUz0A=s2000-k-no, https://lh3.googleusercontent.com/gps-cs-s/APNQkAEp9htekE5IHpzN1YRFYflDCa35lDyauSWp8cIDhfEFmoV-7jZIjctUF0UWrpRI4qxgUHX1WoK5Q4cMsnMCoI9wKXkNsymP3N68yzR4sqG4-oBjYRwSpxEXXFcpEk_DBzC9eSDV=s2000-k-no-pi0-ya352.7818-ro-0-fo100, https://lh3.googleusercontent.com/gps-cs-s/APNQkAEp9htekE5IHpzN1YRFYflDCa35lDyauSWp8cIDhfEFmoV-7jZIjctUF0UWrpRI4qxgUHX1WoK5Q4cMsnMCoI9wKXkNsymP3N68yzR4sqG4-oBjYRwSpxEXXFcpEk_DBzC9eSDV=s2000-k-no-pi0-ya352.7818-ro0-fo100, https://lh3.googleusercontent.com/gps-cs-s/APNQkAG2fGbtm4f9AmBpn6m7A7O32a6FT8GZn0TRY_mXAA-JwXbq1ekEAb3A_akLh56Bm0-IgoKbKVSVRKClxn95g8gaDTfg0gn_vFKpxLuKax0-y91AiHQjK4mv-rGIqSFSUoxKTp4=s2000-k-no-pi-0-ya230.80544-ro0-fo100, https://lh3.googleusercontent.com/gps-cs-s/APNQkAG2fGbtm4f9AmBpn6m7A7O32a6FT8GZn0TRY_mXAA-JwXbq1ekEAb3A_akLh56Bm0-IgoKbKVSVRKClxn95g8gaDTfg0gn_vFKpxLuKax0-y91AiHQjK4mv-rGIqSFSUoxKTp4=s2000-k-no-pi0-ya230.80544-ro0-fo100, https://lh3.googleusercontent.com/gps-cs-s/APNQkAHKwHjSjZ3Ol-MCSz0t3J3OKombK_0lov0X8m2UawB_yPT0DRoU20cI5N1I-tYF4c8nqfC_VKWzagkFkjjt9IyFxhQUnoJ2-tWeGHDIgp9JHyXyWTsGIeS3Z2tAoaBStukauwlL=s2000-k-no-pi-0-ya15.350184-ro-0-fo100, https://lh3.googleusercontent.com/gps-cs-s/APNQkAEoC-CWO9wBhEbW5EE-OFX7QxE30SWE1kacqP2ELQiQApGK_0qeeXFpyvlLR33sDfY4bhcKHy1Pkrix28mjv_j4-_DH1y7N3st1UFfULWcv8TJ5rCQw7IspqP_2JzutEICTR9Zf=s2000-k-no-pi-10-ya16.368137-ro-0-fo100, https://lh3.googleusercontent.com/gps-cs-s/APNQkAFuEUXXdIDOfaXFqX1-BbcXmX_62gbxzZbCullzPpcCcT2CyfUvYrOr5rMFrw8Or2dxUurPCzvOHzKt08mth7qy2TO4XAuTzpapV108gvJ-BI7n-cjq7LxS9ySEGp_PZvyClHg=s2000-k-no, https://lh3.googleusercontent.com/gps-cs-s/APNQkAFaFCQbABq7yTun735l6luhBT_mA__19sd8XeiXS_q0KXwXUip3xvS3Mc8VT0Q0bDizUaFy0jTCnwEY-guAtAQLq7i6s5B3dHkddQqWUMwSCiruNhR-GvybreMypwT5xmDUmnp2ug=s2000-k-no, https://lh3.googleusercontent.com/gps-cs-s/APNQkAFrAVZxXoLZM-N_XMW-di5DMVx1FfCdn6eV0o4i0NNi3dhFDF-G26bZhVbaxq6qToBbzHG2t21Zq51GXyqhmbj5jDD_qDTJl7iua5-2Fq73ion8u2FhF1HhKlcz6i7j9aJrxeE1_Q=s2000-k-no-pi-0-ya119.90001-ro-0-fo100"
Fredonia Place of Williamsville,3.6,5,Assisted living facility,201 Reist St,+1 (716) 632 2155,Open · Closes 8 PM,https://fredoniaplace.com/williamsville/,https://www.google.com/maps/place/Fredonia+Place+of+Williamsville/data=!4m7!3m6!1s0x89d373f7dae5a3bf:0x239cb00c1fa21662!8m2!3d42.96752!4d-78.7516752!16s%2Fg%2F11fp3px8z9!19sChIJv6Pl2vdz04kRYhaiHwywnCM?authuser=0&hl=en&rclk=1,"201 Reist St, Williamsville, NY 14221"," X69X+28 Williamsville, New York","[""Tuesday: 8\u202fAM\u20138\u202fPM   \ue14d"", ""Wednesday: 8\u202fAM\u20138\u202fPM   \ue14d"", ""Thursday: 8\u202fAM\u20138\u202fPM   \ue14d"", ""Saturday: 8\u202fAM\u20138\u202fPM   \ue14d"", ""Sunday: 8\u202fAM\u20138\u202fPM   \ue14d"", ""Monday: 8\u202fAM\u20138\u202fPM   \ue14d""]","[""Accessibility: wheelchair accessible entrance, wheelchair accessible parking lot""]",42.96752,-78.7516752,
Elderwood at Amherst,2.8,12,Nursing home,4459 Bailey Ave,+1 (716) 835 2543,Open 24 hours,https://www.elderwood.com/locations/elderwood-at-amherst,https://www.google.com/maps/place/Elderwood+at+Amherst/data=!4m7!3m6!1s0x89d3725e515adc17:0x6d7f6ecd975f977f!8m2!3d42.9765151!4d-78.8133655!16s%2Fg%2F1thqhr61!19sChIJF9xaUV5y04kRf5dfl81uf20?authuser=0&hl=en&rclk=1,"4459 Bailey Ave, Amherst, NY 14226"," X5GP+JM Eggertsville, New York","[""Tuesday: Open 24 hours   \ue14d"", ""Wednesday: Open 24 hours   \ue14d"", ""Thursday: Open 24 hours   \ue14d"", ""Saturday: Open 24 hours   \ue14d"", ""Sunday: Open 24 hours   \ue14d"", ""Monday: Open 24 hours   \ue14d""]","[""Accessibility: wheelchair accessible entrance, wheelchair accessible parking lot""]",42.9765151,-78.8133655,"https://lh3.googleusercontent.com/gps-cs-s/APNQkAErWPjNou_M6E37TVTJizMva25qTyPdrzBYE-ty7tU9Uef2HYR3mPYc67eM8rD2CF38rIC0xWI2OluxU2QYM4wqNqsdaARGhUowPnf5U41zISS6RIj0eBiM-zyRgzyfvLStj3_d=w32-h32-p-k-no, https://lh3.googleusercontent.com/gps-cs-s/APNQkAErWPjNou_M6E37TVTJizMva25qTyPdrzBYE-ty7tU9Uef2HYR3mPYc67eM8rD2CF38rIC0xWI2OluxU2QYM4wqNqsdaARGhUowPnf5U41zISS6RIj0eBiM-zyRgzyfvLStj3_d=s2000-k-no, https://lh3.googleusercontent.com/gps-cs-s/APNQkAEzXvET4E9eil9lIpwaMkqEpboim3Z2BDorduavipeJjmRMtyMWe_V_Akv3JrDspoW21EyR8a3sX9jCDw6TEFNwDnXniyBnCZ2nIWqk1QPlTJ4sGvGf1K5yIfEpecov9ed6RQyj2g=s2000-k-no, https://lh3.googleusercontent.com/gps-cs-s/APNQkAFR55gwufkID_49olfiDMLLhCSdmPeASEf5vccLNvxn5RNwCURrfY5fVfnIxFhGyJStV5icu5zKxPh0jAQAXGVY-wX6uly4dmoyCdGAAAdqiVeiciOQU8dIo3j1tPGHAy-Ic2P33SDuzkg=s2000-k-no, https://lh3.googleusercontent.com/gps-cs-s/APNQkAGeBWGI303A9GtGyJr6LdKQXR37dqA1cDF_naCsYRvuU-BO35d7pA1Fd628FFl5qbiyrNgF8Dx9_Bha9RlBQ1qDhbaqDZlsJH_i-U5MH5Go7lS8gQ4mEYIv-7anedlxpTVSeQnL=s2000-k-no, https://lh3.googleusercontent.com/gps-cs-s/APNQkAGhFDArT7H0lcSEdYw-OuU7UbCgWbUs0Yi1lcHfcf1RPd8Qohgn8eUJpeSS8lxPzZ6hl2_8Nx3ipSNGAak25uUxz37xXyeTnLcHMsRUGAlqgw86h1KJDOMaFxvnSsv2UEkI0bjB=s2000-k-no, https://lh3.googleusercontent.com/gps-cs-s/APNQkAEGssj1vBICkpcpJz2P-a1EzG6Jbv2LpkzSvNQ8exsvHX3OrFc7XA0zFOIfQUcqje-FgiFVtLKQ-DYutDQ15ZTH1VYE1U0PN6V50aOqe7MbCyADwh0sD7DVNS4RlsE0yOCinXFr=s2000-k-no, https://lh3.googleusercontent.com/gps-cs-s/APNQkAFiszae0JDi8HLoJo5z2bNIJFwU6gvkunnNhzfTZXKNVKEJ6EfUU0QmnKrP0EcNbe1x_MA49bkZaswdl5hbKfOwgpIiwUU5jRHPAwoQk6syiVUgIpsolgTkiETZ1k2CFmeyhZpFUw=s2000-k-no, https://lh3.googleusercontent.com/gps-cs-s/APNQkAF3m58wSCxMdk2yP1KY_MBXtxYd5inq1U9K8C6mXH_O-MiLx5rHuTUKxscR-lF5fPwF1VyOB014ss6wj69xY7VmjPeCXMgxlla0KL2lh6nu1U9cMhINoXIHtGsZ_hAnVmNytPufWQ=s2000-k-no"
The Brothers of Mercy Assisted Living & Memory Care at Sacred Heart Home,3.7,2,Assisted living facility,4526 Ransom Rd,+1 (716) 759 2644,Open 24 hours,https://brothersofmercy.org/communities/sacred-heart-home/,https://www.google.com/maps/place/The+Brothers+of+Mercy+Assisted+Living+%26+Memory+Care+at+Sacred+Heart+Home/data=!4m7!3m6!1s0x89d39eece82cc1a9:0x8a69f5158ca19a6!8m2!3d42.9684524!4d-78.5970687!16s%2Fg%2F1tm0v4c3!19sChIJqcEs6Oye04kRphnKWFGfpgg?authuser=0&hl=en&rclk=1,"4526 Ransom Rd, Clarence, NY 14031"," XC93+95 Clarence, New York","[""Tuesday: Open 24 hours   \ue14d"", ""Wednesday: Open 24 hours   \ue14d"", ""Thursday: Open 24 hours   \ue14d"", ""Saturday: Open 24 hours   \ue14d"", ""Sunday: Open 24 hours   \ue14d"", ""Monday: Open 24 hours   \ue14d""]","[""Accessibility: wheelchair accessible entrance, wheelchair accessible parking lot""]",42.9684524,-78.5970687,"https://lh3.googleusercontent.com/gps-cs-s/APNQkAF5yQdCsyksU9y9gR5yUQKX2UtmvLrS3il28gZF-YEFEcGy6snhpMxJ-HZFjWac0mM6ReogLbnq1Eeezy4tEQ2tWh1HjsD_v58ULt_f92QJkz_WMmljOlheQL_lPrTJFSLXdVE=w32-h32-p-k-no, https://lh3.googleusercontent.com/gps-cs-s/APNQkAF5yQdCsyksU9y9gR5yUQKX2UtmvLrS3il28gZF-YEFEcGy6snhpMxJ-HZFjWac0mM6ReogLbnq1Eeezy4tEQ2tWh1HjsD_v58ULt_f92QJkz_WMmljOlheQL_lPrTJFSLXdVE=s2000-k-no, https://lh3.googleusercontent.com/gps-cs-s/APNQkAEP4Y0IZn_vs9NJt1zNj52RATB880qZfzZEZyCJR5bxflNUBvLBOaIn7zgRyMLm8gJE9bue08YYrKNnccIUIMi1y__b6x4ha9iowH8UBPhAh4TVLPdU3to29m_Q0Ok3vyvDdH-u=s2000-k-no, https://lh3.googleusercontent.com/gps-cs-s/APNQkAGUHsrKsWwD49fp0SX9gJqKeiv6GjCW3eBag9MGtE86FnyEIdAjxqrcxm6ffsabyS5anspek3cXqUn0Q2CCasB46AY12Y3FdCzd2QJK7h5svAMj_PdNHFVbvAALqh2SYVzi7vzNT5lQnQ8=s2000-k-no, https://lh3.googleusercontent.com/gps-cs-s/APNQkAGwdWb5qELvIvbey3HBK1fDZS2c7JoNfSQZYqPuwfoBb0ozI69fPV_m-tq6DINfHpApmorVQnlS8C4J4B1y7Siwd2tHQeg4l6zmrTUbbFPqq36diZx08rLy6BTaABqyRhYL3SKouA=s2000-k-no, https://lh3.googleusercontent.com/gps-cs-s/APNQkAEjqp8sBxd3rnHLTVSLQItlLOse3mPZwc84grofiiiemA_x9jJfifcu1c24Ixy9SSnnyKTMZ9pcJjhh_tHpfQPJHJ9fHmBmzrTxHhZPd1diQ1cCE3yzx5qCaO4scPlVGAqoe0qM=s2000-k-no, https://lh3.googleusercontent.com/gps-cs-s/APNQkAFbpcbtluKst9iSjf5LFI-kjzL2X7SJhptzr6z01Z6qRWqcRYI3FeAUamDPG3Y0GV55fGCVy6cZkEajydl6PKQMVsjyx3FzGRaSvdGIt89du73B1yz3o66dNudT5QPHQH2cJYK2=s2000-k-no"
Delaware Oaks Center for Rehabilitation and Nursing,2.9,27,Nursing home,1205 Delaware Ave,+1 (716) 885 3838,Open 24 hours,http://www.delawareoaks.com/,https://www.google.com/maps/place/Delaware+Oaks+Center+for+Rehabilitation+and+Nursing/data=!4m7!3m6!1s0x89d312e93d072bd5:0x423447054658a8e!8m2!3d42.91668!4d-78.8682072!16s%2Fg%2F1vlk2jw7!19sChIJ1SsHPekS04kRjoplVHBEIwQ?authuser=0&hl=en&rclk=1,"1205 Delaware Ave, Buffalo, NY 14209"," W48J+MP Buffalo, New York","[""Tuesday: Open 24 hours   \ue14d"", ""Wednesday: Open 24 hours   \ue14d"", ""Thursday: Open 24 hours   \ue14d"", ""Saturday: Open 24 hours   \ue14d"", ""Sunday: Open 24 hours   \ue14d"", ""Monday: Open 24 hours   \ue14d""]","[""Accessibility: wheelchair accessible entrance, wheelchair accessible parking lot""]",42.91668,-78.8682072,"https://lh3.googleusercontent.com/gps-cs-s/APNQkAFgE2CJ4dRYdfThd8B9P0VrL8koK7-9ohVMY1FD1lSfPv-024o4vyJXRrTCqR9-yZ4MXePIfPQQ3Ax2sb_ztZWsAhIzSRVy4cw_XKCU6A_IL7Q4GcD2bHzT0JiL_3Bu87QcKg0UBQ=w32-h32-p-k-no, https://lh3.googleusercontent.com/gps-cs-s/APNQkAFgE2CJ4dRYdfThd8B9P0VrL8koK7-9ohVMY1FD1lSfPv-024o4vyJXRrTCqR9-yZ4MXePIfPQQ3Ax2sb_ztZWsAhIzSRVy4cw_XKCU6A_IL7Q4GcD2bHzT0JiL_3Bu87QcKg0UBQ=s2000-k-no, https://lh3.googleusercontent.com/gps-cs-s/APNQkAHm4c9YpZJhuQ-WQOiSEdBtVgRVVAzgC_WaLi8rIROsbx2JwsyDxwspcS-DxWdz3-hHFpNRpUDFjINPP5k_QnN7Qy89usEdbZ32o5KftcKQnKmb6BUlEb6VkCBR3GbjumfzbF8=s2000-k-no, https://lh3.googleusercontent.com/gps-cs-s/APNQkAECw5RxcH362abdpdW3o0lhpUKHcPLRCyxX1pC5bovzc9bHfE3Pk7uVIMFagXwKP6l7pex337NesHzr2JaFy8G4h4QpGNYbsx0gLopiQgsdwZZxzppnu0XIKPTCeDYoVZmUQR93=s2000-k-no"
Brookdale Williamsville,3.8,10,Retirement community,6076 Main St,+1 (716) 632 7123,Open 24 hours,https://www.brookdale.com/en/communities/brookdale-williamsville.html?cid=yext,https://www.google.com/maps/place/Brookdale+Williamsville/data=!4m7!3m6!1s0x89d374604efff49b:0x62515200262fe256!8m2!3d42.9669159!4d-78.7271097!16s%2Fg%2F1tflh680!19sChIJm_T_TmB004kRVuIvJgBSUWI?authuser=0&hl=en&rclk=1,"6076 Main St, Williamsville, NY 14221"," X78F+Q5 Williamsville, New York","[""Tuesday: Open 24 hours   \ue14d"", ""Wednesday: Open 24 hours   \ue14d"", ""Thursday: Open 24 hours   \ue14d"", ""Saturday: Open 24 hours   \ue14d"", ""Sunday: Open 24 hours   \ue14d"", ""Monday: Open 24 hours   \ue14d""]","[""Accessibility: wheelchair accessible entrance, wheelchair accessible parking lot"", ""Parking: On-site parking""]",42.9669159,-78.7271097,"https://lh3.googleusercontent.com/gps-cs-s/APNQkAHcgek835_GVKORzSc0s7TeGBocK6GfHR7dfWCRJPK3vo1SqMHCi1wM5kV-IZUVrp8Cgwzc1Syd0WkAOg7BR8KFVu2nMf3V3lKt7HOHeWbYiWAoTg1rLK76rzZmfnTyO9wZ3lwF=w32-h32-p-k-no, https://lh3.googleusercontent.com/gps-cs-s/APNQkAHcgek835_GVKORzSc0s7TeGBocK6GfHR7dfWCRJPK3vo1SqMHCi1wM5kV-IZUVrp8Cgwzc1Syd0WkAOg7BR8KFVu2nMf3V3lKt7HOHeWbYiWAoTg1rLK76rzZmfnTyO9wZ3lwF=s2000-k-no, https://lh3.googleusercontent.com/gps-cs-s/APNQkAHIs2Gx4mc4xMuefkNf_d-xN_wGCgOxzFxYStVolNrdrkLB1saiWQhH_F8vlUD_NDySddw9eyEOH75mYe260fZBlpH6NyFXEnxGoSKvJKhzfF5Ze09_NViORk5apfFTCpIoQinNfQ=s2000-k-no, https://lh3.googleusercontent.com/gps-cs-s/APNQkAFVUiYxn8ftidgrgTfNb7h_82HG2LJuOXcOkU-uEbTDsZiBDVoritPXoUiWCmsBxTKjY_HBM3kfLFAOBCHu0S5ttwerq_1ias3fNJvmrs0LAAekpfXNJ8D49bY_Fo5XXwYWECdW=s2000-k-no, https://lh3.googleusercontent.com/gps-cs-s/APNQkAG5G6bqEZR0aObfbVvb7RpB3RGlLBQ9j4j9bN18L52symLwFLDkJZ69acBxb-kWchM10Gcq7Sl_712yROHwI4UxXFKWVsThJKZjDu1hcsyyrH1Z9naH88sgh97m-idWqK33LHxxlg=s2000-k-no, https://lh3.googleusercontent.com/gps-cs-s/APNQkAFIybPQTWDtL8BMN9Byzmcc5RNEzUxuBmXXs1bVomoOyvd7aYeWWYxlqvqUaGtOezgC4yKFoel8Hc6VGvpvvKs484I1gPeVoh-ya0VVtkkTD1Dp9YTAtlYHz4wBZJ04lfkA1hQ=s2000-k-no, https://lh3.googleusercontent.com/gps-cs-s/APNQkAGtD37lTEWGjFFrQ7jAb5fBUwbKiTuwCpBkbmbVICsqxSxLeyHykeLD6hlDKxrWmBtkXN7DqdKJ1gJvF6Yy-wE_YywwhtMM1pqM185XnMOca3lJpJiOnM8Xy_AZp2ajXGvF_mcU=s2000-k-no, https://lh3.googleusercontent.com/gps-cs-s/APNQkAHB9mv-hSoTOC6JI3xM-etMVa8OmDmd0J6W3Xi-fzRKGe2DZ3MSM1n9h7lkYt17x329zNC5IOX6pOISsygxiutgapmtnmIB86z30S7sRupjg2A2bTc9NFTg-absIf1UokMItZnQ=s2000-k-no, https://lh3.googleusercontent.com/gps-cs-s/APNQkAG-9di0a5OZ9oatXD9eHVMIn_c3XmMfQlKuTFLM49v5wmg9XGj8nTZ1zZA5TsRgN0N9DmjYFbVKaUQ5jUEqLulgb2I1EeUHzu6uKX7s-ZOifeXdMh7pJI0Q_yrr2rnoUrvpiGS0=s2000-k-no, https://lh3.googleusercontent.com/gps-cs-s/APNQkAHkbJTbPtM99qNNjv5lkXU-u5rpywso6V2LMc9PUIERAzmlaHYSZkZ2ehXDh6XfBrAjGVpdrnpTP0DABbIzBrUDtHYSjIZokPKI_d3oyRzGiH1AeCxKCNt1InDyZJrDIZo-1endYA=s2000-k-no"
GreenField Terrace,3.5,1,Assisted living facility,5979 Broadway,+1 (716) 684 8400,,https://www.thegreenfields.org/enhanced-assisted-living/,https://www.google.com/maps/place/GreenField+Terrace/data=!4m7!3m6!1s0x89d3a04137e39f3d:0xdb1f92f9dddb7bd9!8m2!3d42.89414!4d-78.629178!16s%2Fg%2F11f4ps9kw1!19sChIJPZ_jN0Gg04kR2Xvb3fmSH9s?authuser=0&hl=en&rclk=1,"5979 Broadway, Lancaster, NY 14086"," V9VC+M8 Lancaster, New York",,"[""Accessibility: wheelchair accessible entrance, wheelchair accessible parking lot""]",42.89414,-78.629178,"https://lh3.googleusercontent.com/gps-cs-s/APNQkAHio3zi2sFKOAhvV7mOSknKZ49lALXYur6tqFNJagznRuCeznO8YCAlphL3pT7Kraz4TsTl1G49sm3qdba7voeGS53-op1T4hMFN1J_kzPhQoycLU3hoNth0qscvfl8Mzbk7nUAig=w32-h32-p-k-no, https://lh3.googleusercontent.com/gps-cs-s/APNQkAHio3zi2sFKOAhvV7mOSknKZ49lALXYur6tqFNJagznRuCeznO8YCAlphL3pT7Kraz4TsTl1G49sm3qdba7voeGS53-op1T4hMFN1J_kzPhQoycLU3hoNth0qscvfl8Mzbk7nUAig=s2000-k-no, https://lh3.googleusercontent.com/gps-cs-s/APNQkAGfi6l9hf2-QG9bTd1aTRWyrWphbNJxKpqQa7HmMS2Eg-2JCikYwGIPw-9EYEpE-28FnV-HR9SCfHZRqqNvpLlcmfR5WlV6A9JLj5QhLEv-A1k24kq0FMRf2Q8PmrWUG0BZRo4oww=s2000-k-no, https://lh3.googleusercontent.com/gps-cs-s/APNQkAFoePmmAvuC0iejahfe4xJBHM6Uch8j9UNZYQM2WmjqE7zkWFIkTcBqdcuw5EyoATpLzgwxenPFibMTWB010_7CCy-jeazgJ4utufdG9eIWE_iBVs84fMVO_fnB3h0wAe3QTpS2=s2000-k-no, https://lh3.googleusercontent.com/gps-cs-s/APNQkAFMl9YHx-edOIJYSjD8Kiv3RVAzdJuKbeArFtesTcOKkh5BNhjdD0YCkXv-Msa6kBp8ER70bPTwoJJlnVxIkVv4jXj3-gP7dq-CQcL3MYt6Hv1srgpGHztCJnXwPijad24W-ZAOqA=s2000-k-no, https://lh3.googleusercontent.com/gps-cs-s/APNQkAEW6ZMdGQAqTVQP5dHJgOEbrwrJIACFn9ti3JKLhNqTZ2tzIZhMfYRrayxa-9CqRg1GYNhsZOJVxfxIv68so6qZnTIKEO3jUD85vXVU_9cc80s6u-0lZ9ckppM8peNRxeQgrwA=s2000-k-no, https://lh3.googleusercontent.com/gps-cs-s/APNQkAGQEc9xZoYp8Lv6XiNGaTJYI_fnooNBJReHJzFpC_AmiIxkeCDNQp3-W_rREiv_E5yiFe48fqoRHiijf3EWCs-K_rNSz8-BM8O38lTNQ9YW-m4wsiCqdllcM9iJhZpDeLJ0QeKoWA=s2000-k-no, https://lh3.googleusercontent.com/gps-cs-s/APNQkAHFdJ6LvUZyvP-tfa3T3mApCvTjUs7uZU46CS0JYhM8u6SU2ECT-YJKyvbrAYiCZBxb1ulgnCsQVMJtMGubHEDVvszmiTZpnLNy2Zpl89lwN4qY9wGm4N-29rXXtH5fbuMEfMQ=s2000-k-no, https://lh3.googleusercontent.com/gps-cs-s/APNQkAE49u8CojhW8ztKh_nGhU9bW76lp56MD6qa_ooTaeZgOg3o-F5ZxZZhpBYMG16iq4kQ8theKPxTilEcfb2L0DBkV3mwMucly5FMQkmen3Pxc11Ri0IGBZctdkx8za-g_T3dQ0Mtsw=s2000-k-no, https://lh3.googleusercontent.com/gps-cs-s/APNQkAFVu2jVIyQ9enB2kM-v2jpBPtDXA4hvZLvWiEyxf72_dygBjpZYW63rHRJwjbj8zL5_XR3xfLzVTIVBTGGspmEHmZmFGLLduDdVWNX9zg5NNsLhqGdkmnizI_WylytnJYDCJQfJ=s2000-k-no, https://lh3.googleusercontent.com/gps-cs-s/APNQkAFjxECP6uuheaOFBdJ3EQVFn7jlyGabP28TdRdhz7eQivopA0M6JKVD_U2f3oiR5i5-48mG1w6Er-6Ugv72tfdsJ7_l7OLF0DKPChF8ICaDTAuMcHEEzGaCKmQJiRyGBYL_ikmJ-g=s2000-k-no, https://lh3.googleusercontent.com/gps-cs-s/APNQkAFj9a-AxCvqzBWRWu1cFmucoDWSn4kJoTpVaI7OJXZorIuaPWB2RM01gy9A6MWrVqMYHSjkdErhOvb5zMsWJzkQsh3eUX7VO0yljar3ufqQw-xkJYtIYGbYlMHj8Fd2UM6pDok=s2000-k-no, https://lh3.googleusercontent.com/gps-cs-s/APNQkAHJKIkqS9xIGNsLkbBIeH-zFWpl0sQJeF0QqoDzBa_sJ0pk4vAVwUbV6lu8l-qYBfgqvvtLS-JDqyNzkS1eqwKc8uy0USGe4TaPaQU1FuZxMD2D-CGdAybqNHMSjHvDP5qmTkEq7g=s2000-k-no, https://lh3.googleusercontent.com/gps-cs-s/APNQkAGXDjClRe5eBkGKOVENsE7uYMMZ3AOyc87YB8Pqg6k5LgMYxqT9HxE_rFqPEKOLy-mWBk1H5O6xD9huyPlY1j9taT1MH7OTjz1gtnsV3aP6-nsg1qHN4kOXIghKXemB6cPip05QQQ=s2000-k-no, https://lh3.googleusercontent.com/gps-cs-s/APNQkAF2Ji-kidm9tQmiJ667cSiskxM5CXSUz4nCNr0B3avBM3bNFRehJFtqtimJYflX2OZP8jtAUDGW5opbHmsJoBN_FRE_FKHW2rf2s-_8AmNDq4XI11JLMwCNj7gqvVO5IHAHAyHp=s2000-k-no, https://lh3.googleusercontent.com/gps-cs-s/APNQkAEl7BwEknzTp23Pq10bqSzg0-aS5fbESvGCfOeUmxf-19pMYy11ApuymMrW0e3qqzVwm5S9_fW4SDz3aD1i-v-5xa1UrhR5QMFTFWuIU_MtaB8zBV_JTaUNGnTDo5xWCCBgk_Va=s2000-k-no, https://lh3.googleusercontent.com/gps-cs-s/APNQkAHfruQWAha3hSzZ4XsZ5R2xlzUxkp1zTnIOa370KtyqdFY7jd2g_ZALkW3orcv0zLZANAJlJhqwEArpDKWeBOrUFTdDAUeXo19lh7WKLaVOJO9qMpYfjwX0ztRY24w5fOtvo7Jh=s2000-k-no, https://lh3.googleusercontent.com/gps-cs-s/APNQkAFWv75lqCOWrmHuC-d0PJ1uCX2Mrm_t04BLsxHy3hTD2STvctzbLUcWYFNkXzdYXqXyX1luVeUKgq_ZGmcbUFCZfr3yOTk-SZlPofl_V7aMRtTW5rCjxzowO4lfPPRjPWjGTtU=s2000-k-no, https://lh3.googleusercontent.com/gps-cs-s/APNQkAFa0EUFUNd4OyPudbO4LlSNX5Vc9Xg2KndWdLGAatlI5yNibJ7ah_ZjcyIw9FSeUCrdiASIBZvWmfs9O1pUSv5dSBbpCibebKBZ2ohztNVnNovzWSy9bbHCexRJK0-BmUrJgyg=s2000-k-no, https://lh3.googleusercontent.com/gps-cs-s/APNQkAE1RSz0GBHgOwJlagJIRArlC_sFyQ64HQV1QOyQcO8HyweVbbmqMQ-gLCGOqeVJWttBdm87uFnLfuF57Oc3V4vGbIpNNBN-KkY8HDZCCZFesn8uAbsEQApgEw-kNnjIcNsI5gG3Lw=s2000-k-no, https://lh3.googleusercontent.com/gps-cs-s/APNQkAHoBuCCapyHT3havTP7zCa3KtDxFltbgNQPS6vtcWv6cm7syf7C4uhKzw5LjPz8rHLezii1rq8vqvoAb2JHr_jfPg3DqGwPPjwABpo_RJohwyWDmcpJ6AhKSIe1ug_mUoIf9vhE=s2000-k-no, https://lh3.googleusercontent.com/gps-cs-s/APNQkAEDBrsmnkVjwPSjz8dd7pGtbFZzTSYbd0HN4eUsLamrC4VV7eEE8lyAydnYnctYAlNgZJ3jx6sSezPxycZLsy8uHVhnh5XUfsmEO-FIv8fZkAd0R16W8WZSBlqsJkJhgkc0WBV_GA=s2000-k-no, https://lh3.googleusercontent.com/gps-cs-s/APNQkAHn04PYZMCgxC4BtgOqbMIkSftdYFmttfIVx2Jyd3gJgtsEksRN20oEonvwRc8GTNuZ0Q89ip6kUgquyBBxZQbLBXDig_kEpRqSVcFQAY-najhbjPDT6PuAZFIBPabVbSqt8uAAzQ=s2000-k-no, https://lh3.googleusercontent.com/gps-cs-s/APNQkAExtERPDA8lE7fEWBWoNckDTRjkK6gos0pv5IM1wmuaY3mLrGjteQYq4GqGcNPZUM7LKpY861ZK_XOAtAjDEB24MQckYJTUNEyMZ3oV3N6Nv9QXcGGQRMQ8UQQhPQFT78B6XzY=s2000-k-no, https://lh3.googleusercontent.com/gps-cs-s/APNQkAF7GhAXh9SHCea889XQ7TG4MPlr4zKgPJ2ieWGlfcpI-z4vQ_7o_oc2AaKouCp1LBTLzNMLHcjFDFDRY_c-82jRRUgVkbW_2vl20fgCkrKMty0eyfqB9ZpRGLUsA9PKPHgBySIr=s2000-k-no"
Wheatfield Commons - A DePaul Senior Living Community,4.6,10,Assisted living facility,3920 Forest Park Way,+1 (716) 475 7600,,https://www.depaul.org/locations/wheatfield-commons/,https://www.google.com/maps/place/Wheatfield+Commons+-+A+DePaul+Senior+Living+Community/data=!4m7!3m6!1s0x89d3702f88b30de9:0xbf514485934de48a!8m2!3d43.0623359!4d-78.828392!16s%2Fg%2F11gf833p5k!19sChIJ6Q2ziC9w04kRiuRNk4VEUb8?authuser=0&hl=en&rclk=1,"3920 Forest Park Way, North Tonawanda, NY 14120"," 356C+WJ North Tonawanda, New York",,"[""Accessibility: wheelchair accessible entrance, wheelchair accessible parking lot""]",43.0623359,-78.828392,"https://lh3.googleusercontent.com/gps-cs-s/APNQkAGnOHNDsPM_TeOCJxV_0d2-HULrHIa9DA6b_TVkWqyOMFT6qOrOFS8p6D-wbCW-G4VfhB6zvtbjcWPDiesVI29gbGWlQ_e3Y26yNlQuFm6TD3K3N3xWAmSCBtnsxhEpQ-oPRUFx=w32-h32-p-k-no, https://lh3.googleusercontent.com/gps-cs-s/APNQkAGnOHNDsPM_TeOCJxV_0d2-HULrHIa9DA6b_TVkWqyOMFT6qOrOFS8p6D-wbCW-G4VfhB6zvtbjcWPDiesVI29gbGWlQ_e3Y26yNlQuFm6TD3K3N3xWAmSCBtnsxhEpQ-oPRUFx=s2000-k-no, https://lh3.googleusercontent.com/gps-cs-s/APNQkAGSU0iYbQ-Djg2GKAUw0FcOz2AUMi8UnQcr2bL5k6IVKuflExS5dDh5qxA52e1Q_WSa_G8SB9kdiVJ0QULdkbUaiDB2DCT8dwI_PnQStrfC2s9-5sVFCCDhC-HhhjyThRZCU4nMJA=s2000-k-no, https://lh3.googleusercontent.com/gps-cs-s/APNQkAE6dND4Bha7yNM5flaHZFOrWZ1lAbMf7NNsdRKrcLa1jE9ZQGmoakHWKwyJKOamv_vXOrC5A9aiS6gtjLUBltOB9TyCxGe823V3tQaES9ycccSIHNagInnUjVnGY_iwtCLCdASB6g=s2000-k-no, https://lh3.googleusercontent.com/gps-cs-s/APNQkAG-ZY_r3N9fabdvSAFIHwI5ClIUpe3bNjkIualeCWRptNC9N7rstNn6hVNYJ9ZONtpXD38jRh7ErXw97TKN1J3WlAb6KYcxRhGMKuYbjZUe-wDWnG4c_ZJovDv6AdYVyuFRHPRA=s2000-k-no, https://lh3.googleusercontent.com/gps-cs-s/APNQkAEZULa6wiz9QhdMYh1aDEjWeXWtryuEuvpPzJS_p9Iz3aocF4exijrDwhLmaKT-uQVi-KW1CCQ1POtu1ZrD0wYf2NqOQADHSo9QgFbhGUDFyenw7f6kxmoOBYoB2vlLRd7s4t3N=s2000-k-no, https://lh3.googleusercontent.com/gps-cs-s/APNQkAEu8r_Kri_UCrWlVjN7VzGhN6-hExUrwY5k5EGccL37OpJ1tDzYLzg2HGURVZYIX4ZuPd9p9jyF6YAQf3b90BEmSSJaJ1Jbnc9I701dspCRCsNrZvgONsJdD_wY15rZUQxH5cE=s2000-k-no, https://lh3.googleusercontent.com/gps-cs-s/APNQkAGemq4Tcw44hd6gzHeraR8NWX7xjE7XAR7b3P1wD8BFPQBpzbn-M6whRP4PokxAbRHANXjvGbhZjSNcMlKJnomv4qIeVpBRyyF9jLc8ACGGUYwDUF2ucv7fnwn5L_YSZcTn3uZRug=s2000-k-no, https://lh3.googleusercontent.com/gps-cs-s/APNQkAHHiLmVgmdbfzr7XkehlVFDrpYkjS-Two-89KiPfRftHt5qpO8Bi6adg7rRiPQHuD5AjzRwaGM_LCc6wDRgY27eF1KDvw35m2y_C4ISNREgWnX5VSLynU4JBvQ7tstl_wt_8s1W=s2000-k-no, https://lh3.googleusercontent.com/gps-cs-s/APNQkAGAdePihr_FfhMFQFewXSYPEpB9SKbZ8xK0h_7EZ61UKjyPiucUPiUXixe53xkSoTrnRvTlw-NRSNC854W3X9DS7zOKmMqfJ7CZ-bfkvqk3AVIbkVfOJ95i9RJLOMPlFtBW2KU=s2000-k-no, https://lh3.googleusercontent.com/gps-cs-s/APNQkAH9xztCOMfeSpupmXYaIk2hTg3OVeOV77UW3UJwdIPuhvmRbXdG0hg_t4Be7W_m_Is_fv2ZCpzZKyNTWPN7Mjtlwti8T9FGcFAyuXUJCJxFNFNWBsY3Rrt0Jh8KB994j9tC24ecaw=s2000-k-no, https://lh3.googleusercontent.com/gps-cs-s/APNQkAHKhxE1l71zaTt1QuHzs00K9UOqAeMW6vM6XRrtmcxpIWGHfQQd5iQhfIu8LjaVLz5fhJyzN7vwGhmtkB5JJXkVsSWMxjoi8LrUAEwzEFCFkH-hp_aO6ULEDZhAB9GwRRY4owPy=s2000-k-no, https://lh3.googleusercontent.com/gps-cs-s/APNQkAFe2TwEurpWzj1b3D_0IbvSkdUunMOGFsWo8oSri_O-n6kmOAB_buhVSlGCqFqbP9GIojaAutulNrbCcgPm8W5F3DE58Pwodvp3FWfI1um9ZVj7OnYsaYaZuZqUohUc0Hv1Os8=s2000-k-no"
Brookdale Niagara,4.2,15,Retirement community,6751 Nash Rd,+1 (716) 731 1461,Open 24 hours,https://www.brookdale.com/en/communities/brookdale-niagara-mc.html?cid=yext,https://www.google.com/maps/place/Brookdale+Niagara/data=!4m7!3m6!1s0x89d3656109daf5b3:0xd9fa2a44ec28a342!8m2!3d43.0966513!4d-78.8648848!16s%2Fg%2F1tdkynyc!19sChIJs_XaCWFl04kRQqMo7EQq-tk?authuser=0&hl=en&rclk=1,"6751 Nash Rd, North Tonawanda, NY 14120"," 34WP+M2 North Tonawanda, New York","[""Tuesday: Open 24 hours   \ue14d"", ""Wednesday: Open 24 hours   \ue14d"", ""Thursday: Open 24 hours   \ue14d"", ""Saturday: Open 24 hours   \ue14d"", ""Sunday: Open 24 hours   \ue14d"", ""Monday: Open 24 hours   \ue14d""]","[""Accessibility: wheelchair accessible entrance, wheelchair accessible parking lot"", ""Service options: Onsite services available"", ""Parking: On-site parking""]",43.0966513,-78.8648848,
Beechwood Continuing Care,3.1,,Nursing home,2235 Millersport Hwy,+1 (716) 810 7000,,https://beechwoodcare.org/,https://www.google.com/maps/place/Beechwood+Continuing+Care/data=!4m7!3m6!1s0x89d371600f00ef25:0x854f3bc3adf93a2d!8m2!3d43.009091!4d-78.7712102!16s%2Fg%2F1tgpn_wh!19sChIJJe8AD2Bx04kRLTr5rcM7T4U?authuser=0&hl=en&rclk=1,"2235 Millersport Hwy, Getzville, NY 14068"," 265H+JG Getzville, University at Buffalo, NY",,"[""Accessibility: wheelchair accessible entrance, wheelchair accessible parking lot, wheelchair accessible restroom""]",43.009091,-78.7712102,
Oasis Senior Advisors Buffalo,5.0,137,Assisted living facility,4804 Transit Rd Mailbox #14,+1 (716) 717 3664,Open 24 hours,https://www.oasissenioradvisors.com/locations/buffalo/?utm_source=gmb&utm_medium=organic&utm_campaign=territoryname&utm_content=website_button,https://www.google.com/maps/place/Oasis+Senior+Advisors+Buffalo/data=!4m7!3m6!1s0x89d36d1a6535fdc3:0x6ee382e479919dc!8m2!3d42.8706222!4d-78.6994548!16s%2Fg%2F11fk3xny47!19sChIJw_01ZRpt04kR3BmZRy447gY?authuser=0&hl=en&rclk=1,"4804 Transit Rd Mailbox #14, Depew, NY 14043"," V8C2+66 Depew, New York","[""Tuesday: Open 24 hours   \ue14d"", ""Wednesday: Open 24 hours   \ue14d"", ""Thursday: Open 24 hours   \ue14d"", ""Saturday: Open 24 hours   \ue14d"", ""Sunday: Open 24 hours   \ue14d"", ""Monday: Open 24 hours   \ue14d""]","[""Accessibility: wheelchair accessible entrance, wheelchair accessible parking lot""]",42.8706222,-78.6994548,"https://lh3.googleusercontent.com/gps-cs-s/APNQkAHoMix3eKooKcx745mON8x92pTlME0HuFJyymvU7TytQPorQa-8NCUhHipxnK6i-kueXuPlX6o20e27wpcvxX88zyVZtMXyV8EduL5GKoXbhbv0PO8waRgIHwcWVHbFVI4rqKjAu6TSSQPJ=w32-h32-p-k-no, https://lh3.googleusercontent.com/gps-cs-s/APNQkAHoMix3eKooKcx745mON8x92pTlME0HuFJyymvU7TytQPorQa-8NCUhHipxnK6i-kueXuPlX6o20e27wpcvxX88zyVZtMXyV8EduL5GKoXbhbv0PO8waRgIHwcWVHbFVI4rqKjAu6TSSQPJ=s2000-k-no, https://lh3.googleusercontent.com/gps-cs-s/APNQkAHtCuiYd-n2IM-e6tSqqIrxXhnuoWc8owB2pqKBYLampAMI7e-696rIa41OqxyJ_XJ1DpOARuWIytE1IXnWFriY7bGMfB0bRB76u1H0vkR8wBzjzaMiygIbjt24-k_NliX4OfU5=s2000-k-no, https://lh3.googleusercontent.com/gps-cs-s/APNQkAGWodiMJK6WFeiBiA2G8756xnGUy2-9R4C4ra8UE5IYklx2_iCNo0HFfGAnK6YhR-RLd9fuRwgeRTyFQGKMDDW4JKaQKHc3Xdw4_jAvTNQKhwm3-NwHpSHXWdj1QrGlPJPplCeQAwDV3ExZ=s2000-k-no, https://lh3.googleusercontent.com/gps-cs-s/APNQkAE2QKeE5Yorh8oQAmGr95k5MtgQGaoI58DS_8VCN-DB1fB04U1DO7gAykwF7TTgKtmT-FfPP6opzbcjRUFmZNb2xHIG47xnSJSU8uPsnEo2nbLio7j6JkoHOsKcIg_Qseb7qF4-=s2000-k-no, https://lh3.googleusercontent.com/gps-cs-s/APNQkAEPv_Kj2iyujWS7a6uWG4KjhrC9HPAiKyBkxjsyXwZoRGD7MOIr0UO12xvnqGSvcAdmkd8Vrzdn2Q82WGfvZIRdkZFbAORzrfVY3Y2BuHLdd9GWZpvyVylCKL-d6QP2rI0ySJXo=s2000-k-no, https://lh3.googleusercontent.com/gps-cs-s/APNQkAFwPN6v5AQ65L2G5biomu7denMNFK0Walp2QJysz0zyIBNpGrYwwTGs24SeA7iC3z5LTxE0yii0knKWU_qF4FzvJyMrfYne6sey0olzy5eGxWC6pmlDbBCdS5ZOujlOJnecRiCtQQ=s2000-k-no, https://lh3.googleusercontent.com/gps-cs-s/APNQkAHUQqguwn-DyzishYZbsA6InQ7ZDmCbCQqvE677l0Oqe-t3Mx0TzuS6Dfhm58EA_S8iSL91QMuWSUFKc4EgXWmACrae1hg4pWDF8UcdGNitjOnA7kS7tKxNoLBHwq6GWzBMwlOi=s2000-k-no, https://lh3.googleusercontent.com/gps-cs-s/APNQkAFwouSjc2ACcAbKKR3ZGpXEULButkCs1NFDsDjQVLdwh0T3NFIBTzigXkeppxzfj-7R7cyut2A1b7Bcan-YDRGSnBT1x1yTupOB86WB_LYD9I0xRdMflvKTbGZ95LN7LUFK0VNZyw=s2000-k-no, https://lh3.googleusercontent.com/gps-cs-s/APNQkAFJPW0WtGs7kB2bsJrkmB14UAcIiHu4ZuHSK7Dy7rFgQz3QEtyvAVSmkg2lN-IMeWVCJ9M_EGRnduxcOpyojHB7mwxumWznLX3Y9lAoHC6CS9FnciGMx6Le0yrKRo4PBLvXKrm5=s2000-k-no, https://lh3.googleusercontent.com/gps-cs-s/APNQkAEMi6pfyZS6dXyZ_Y0pLCH-WsYbQ60u8TyWARK7ZD6rBxJ0YQ1D6g7CqlDVts7IxzMo8nMCZZK6u0TdbZsWrbByfknNClgNw9MHEs7_yLj7A1JQvvOaN7B_oSunbjP0kLQQqdvCjw=s2000-k-no, https://lh3.googleusercontent.com/gps-cs-s/APNQkAH9bhEfI8W7cCbCY0uAUAshNtk-guCQ1MXmIjhp0PjBFOwZDg1u2HF05OJ7LAU1v64ZKJZLuzvSNQjg3vKUBkdfZO7wE3JyQffyx_vSlkY2zHu3YGwAo60Q4YqH3C899qSuLVJB=s2000-k-no, https://lh3.googleusercontent.com/gps-cs-s/APNQkAEOHTqnf3jUwE5q9BbfhnO4Wki9dbsqOlos1O8Cg5Jttl4neEYc0Ntnr5SKzGyvPW0tcAHo1rDEeK2AjCZ3XaFczVcuW_Ezh_9jaEdeQfxMGGRMnrar7tB-2AVvkoMCnl-FS017=s2000-k-no, https://lh3.googleusercontent.com/gps-cs-s/APNQkAFQFGr4Fh5INabeRYsiXMRZfGirADwWrAED4_c9vOT0huoFbo6teOU8Dh13avqsuVPt0kIWFOm7FQnlpS8P57y7IhTj6iePFiKndgkg-cOi1f5lQc-YMP96wjYRbkiEZTl1mgyK=s2000-k-no, https://lh3.googleusercontent.com/gps-cs-s/APNQkAF9PblV0du_Fn6EVqoh75Kyakp88wjZiUVNdsjB4oXuauDrb3Q0LJSAdlNVQ6gqeikT7-ZRHwC21BxKEnIxT58nlYg7uxXmu0AjgAbpmb9R2YwNMZybmHzZ2z_8NJPoRzo46k8=s2000-k-no, https://lh3.googleusercontent.com/gps-cs-s/APNQkAFUDBsE-HmPhApgBkorbIuipbN50_v_EYUVn-ai9OVw94HK1gSBoJPFmamw5SnyZX1RGMbQuVOQODQwwhpl6CVVgsKY0D47sDAJzG5ywVnxJYcknCQi8fdqu6R5dbt77SMZfWkI8w=s2000-k-no, https://lh3.googleusercontent.com/gps-cs-s/APNQkAEyDgfXxmgHzdnbf9AcPRuBcDQBom5Eu6deup4awG1RoDBIpMrpx3mWk3hCel89siod1WBtNwpmfpcmFydmhdRfFt4yibOxXjghBkkJHEJxOw8aGlFoYOOfuwVEtSqN4ocZvObX=s2000-k-no, https://lh3.googleusercontent.com/gps-cs-s/APNQkAHoV5sYPtmxdqQdHkxSwsye5T6uArKPn5hAP7gkRTycYxsjI1oAHxaTdOXijXsZf5S_eizHlHOq5NbTGaVVuXF318oG1RBA9V4EVdnkdQh65k2NmMocUdJRBVEqpr-OYzV4Q8R80w=s2000-k-no, https://lh3.googleusercontent.com/gps-cs-s/APNQkAF9IdMwyRltaaUopDPJpPu5Rmc89lrZZAW5ntnlCiOdnqpKs_aMWLScU4uhwThm8aVYLezey8aLsDvIk6tl9C69OnyKumKMmoUEXk_gKZgXobBEWvQrhI4UQakBk3caKA_fB5WW=s2000-k-no, https://lh3.googleusercontent.com/gps-cs-s/APNQkAHw1P0zFObROXGDxKPgKtN8QCGBr1_zciD2o0I3UhG6gHpNKb82agLVbVD-ELvUTYkgipmfudbbyXqtbZp78bOyXai7y1fDpF0F5R8Qr2eNwroYGM_V1KkGc1mdJxA6w1Ae71g=s2000-k-no, https://lh3.googleusercontent.com/gps-cs-s/APNQkAGWS5xqQUj95SlAvH-25KNWiCpPcxRjQfS6nOH5OWvKUe1v6Nf73-QSrBmfvuw9xKv7cAgfBex_L0Jz--L0A4mIHqPZ1FK5mDCHobOAZM-rBMOfb2b1fH6KkF5IEqH34DZhfqPxKy6gAOOb=s2000-k-no, https://lh3.googleusercontent.com/gps-cs-s/APNQkAHtAMg4NjjGau1ugsJ0Aaa51we0_FHaWHcqLuET_CXujb1FWt2hWeOTeQXnq8qq-hYRZrQkyK32Bnkj5u8da6nv2Y4ViD1vBtIbq4YYiF-mONkTGSYTy-9-C5FpaDWaMtbFL8jB=s2000-k-no"
Maple Park Lodge,3.9,5,Nursing home,6 Hagey Ave,+1 (905) 994 0224,Open 24 hours,https://conmedhealth.com/maple-park-lodge-2/,https://www.google.com/maps/place/Maple+Park+Lodge/data=!4m7!3m6!1s0x89d3137ec73eb9e5:0xed871567c8e6da9a!8m2!3d42.9104528!4d-78.9226933!16s%2Fg%2F1tklrjtv!19sChIJ5bk-x34T04kRmtrmyGcVh-0?authuser=0&hl=en&rclk=1,"6 Hagey Ave, Fort Erie, ON L2A 1W3, Canada"," W36G+5W Fort Erie, Ontario, Canada","[""Tuesday: Open 24 hours   \ue14d"", ""Wednesday: Open 24 hours   \ue14d"", ""Thursday: Open 24 hours   \ue14d"", ""Friday: Open 24 hours   \ue14d"", ""Saturday: Open 24 hours   \ue14d"", ""Sunday: Open 24 hours   \ue14d"", ""Monday: Open 24 hours   \ue14d""]","[""Accessibility: wheelchair accessible entrance, wheelchair accessible parking lot""]",42.9104528,-78.9226933,
Home Instead,4.6,27,Home health care service,4140 Sheridan Dr #5,+1 (716) 970 7724,Open 24 hours,https://www.homeinstead.com/home-care/usa/ny/buffalo/575/?utm_source=google&utm_medium=organic&utm_campaign=google_organic_businesslisting_y,https://www.google.com/maps/place/Home+Instead/data=!4m7!3m6!1s0x89d373a51f399e37:0xc8734bf62e04cd6f!8m2!3d42.9786678!4d-78.7790783!16s%2Fg%2F1vxdz7kx!19sChIJN545H6Vz04kRb80ELvZLc8g?authuser=0&hl=en&rclk=1,"4140 Sheridan Dr #5, Williamsville, NY 14221"," X6HC+F9 Williamsville, New York","[""Tuesday: Open 24 hours   \ue14d"", ""Wednesday: Open 24 hours   \ue14d"", ""Thursday: Open 24 hours   \ue14d"", ""Saturday: Open 24 hours   \ue14d"", ""Sunday: Open 24 hours   \ue14d"", ""Monday: Open 24 hours   \ue14d""]","[""Accessibility: wheelchair accessible parking lot""]",42.9786678,-78.7790783,"https://lh3.googleusercontent.com/gps-cs-s/APNQkAGRbcpoFAch6fHQIo1ygj4e0tY8Tz-LbPdrapTuve-oYhNGzZkLzERcAuLlq6nkA47hJXq44xJWqDI9bSWa7Dkp4Bs3onFbP4e3woBvjzjLl4wPCQPb3YsTIadV05ZutfdvHkgiZ43-6Hqi=w32-h32-p-k-no, https://lh3.googleusercontent.com/gps-cs-s/APNQkAGRbcpoFAch6fHQIo1ygj4e0tY8Tz-LbPdrapTuve-oYhNGzZkLzERcAuLlq6nkA47hJXq44xJWqDI9bSWa7Dkp4Bs3onFbP4e3woBvjzjLl4wPCQPb3YsTIadV05ZutfdvHkgiZ43-6Hqi=s2000-k-no, https://lh3.googleusercontent.com/gps-cs-s/APNQkAEY2mGt8lOWfBq5kUu0Ox_AkRYXGxUxPKT63km2-ISiFa8DnVXQVahQuSo29AD396d1lXEbEmhhmuzI_d8nqIlKxPqZ8H32pj1v5_2tn_uHBUMsSyILYa3ESPfS5IecJxZZZtMcBlI_NV-M=s2000-k-no, https://lh3.googleusercontent.com/gps-cs-s/APNQkAFluZHDkCOzw-iA7935adjs_S2tvgrhCCEkh-5PY_v6lMYSR1tXSZlV_yuUnM9Z8odTF7HN7qpNhADv2P_t2ZB-OOAHkIKMM7_91jgLeJ19o9ZuFecY0_OerSq9llb-9vxJ6ncgml5_WJf3=s2000-k-no, https://lh3.googleusercontent.com/gps-cs-s/APNQkAFrKgrlaphPpRmNaJV6T-O61jq0gIdD4QmLYpG0dMqC1tT_mOrHJP-V99qgi6b4gUjOPZWqfih1STLRWusRqbk6Hy9MF1v1nXTuXiCCfiICR1iVO8ameoU8G9vld0Tjpu5rzlhXMqk52tAz=s2000-k-no, https://lh3.googleusercontent.com/gps-cs-s/APNQkAFXEUSuZ3SjJi0YfzU8LjRcxt7JUXjwwc6JI556pILS5xY-ZapnRmUwpSFVHBccGezwN3U8xK9Qc48rnNAmUXjBYMwDUfg2sNFvvrPDuTEbST0cF3YOHMBJHMon6zVWYWlW_KqUx1cfgVpT=s2000-k-no, https://lh3.googleusercontent.com/gps-cs-s/APNQkAHkP7ag4C5myxE0-hAGr3rhxhoOCI1xviDNbcEHzeljKe12B0ETuP9TGTZxzCFeEGEVZsXpZzKtJ8rvT-CPfzfQNDwvb6ZZJK3k4A3Co7vNXbUBp21RAauJWSDPOZ7fBL4sgP9a=s2000-k-no"
Orchard Brooke Assisted Living,4.0,5,Assisted living facility,6050 Armor Duells Rd,+1 (716) 662 6753,Open 24 hours,https://www.orchardbrookeassistedliving.com/,https://www.google.com/maps/place/Orchard+Brooke+Assisted+Living/data=!4m7!3m6!1s0x89d305c3c26cc613:0x93fec325433bbc4b!8m2!3d42.7525294!4d-78.764175!16s%2Fg%2F1v0llr_5!19sChIJE8ZswsMF04kRS7w7QyXD_pM?authuser=0&hl=en&rclk=1,"6050 Armor Duells Rd, Orchard Park, NY 14127"," Q63P+28 Orchard Park, New York","[""Tuesday: Open 24 hours   \ue14d"", ""Wednesday: Open 24 hours   \ue14d"", ""Thursday: Open 24 hours   \ue14d"", ""Saturday: Open 24 hours   \ue14d"", ""Sunday: Open 24 hours   \ue14d"", ""Monday: Open 24 hours   \ue14d""]","[""Accessibility: wheelchair accessible entrance, wheelchair accessible parking lot, wheelchair accessible restroom, wheelchair accessible seating"", ""Service options: Onsite services available"", ""Parking: Free parking garage, Free parking lot, On-site parking""]",42.7525294,-78.764175,"https://lh3.googleusercontent.com/gps-cs-s/APNQkAGh5kRf6Vot109Ff40cCyX3rBPnVxOXFiXmuWe3vPRiBnJ2gITAOlKL2h9EYYmvbUqY7VpQYUDP36B33mxUd9yUVLqY_GCp_6qU2bak_E9v06N_fttk2wOeGz0or5VkQ7z32Fw7UlIMN8w=w32-h32-p-k-no, https://lh3.googleusercontent.com/gps-cs-s/APNQkAGh5kRf6Vot109Ff40cCyX3rBPnVxOXFiXmuWe3vPRiBnJ2gITAOlKL2h9EYYmvbUqY7VpQYUDP36B33mxUd9yUVLqY_GCp_6qU2bak_E9v06N_fttk2wOeGz0or5VkQ7z32Fw7UlIMN8w=s2000-k-no, https://lh3.googleusercontent.com/gps-cs-s/APNQkAEuvtZQoC4OS_MO9_QA-1XG39ltMa0Xmw3QrtHj-ZNQeILVr_ENOlOHp0q6O8BioeL1uGhemgTWX2wsnkqj-xDTBQpeqbiRUSuuutbBXykuhXzq5xcn-K418328BRIQWF7AKiFw5gCcGYhC=s2000-k-no, https://lh3.googleusercontent.com/gps-cs-s/APNQkAGg1P-zxEVnBG6VgZa3Nf7zKcDZkEcXokusv9Z9ruyIgn_RPEbkNkLkt13nemo86hsMyGo8iZ76cinOXb0HO8bSWTRPqk3V1oG-fZ6X_LVG81VGGHb7f1hPDDDATi4AjMKWSTHdU_5rOMqO=s2000-k-no, https://lh3.googleusercontent.com/gps-cs-s/APNQkAHrg_n4Lxoi14IOC7jAzY-gQXp-KG_mjc08eOSylVLOymwq_cmROfxnuM3JDUQbzuhzlqJzwj8mgwsLOyT8DJovFxIUsffGqwWLfau96IydZj94g2zWSqDLK0FQ2Xyv4vbEAtS-G9-dmuM=s2000-k-no, https://lh3.googleusercontent.com/gps-cs-s/APNQkAGWqykKDS_CrElaWnk1yVowFUu1XiHbCQ8Wj9tzwUqSUw1qvq4Vx_0_cfESqwQQbdM8xz2jEC6D9j1BSOEtTjJZG2xGIe8JqbSMMjl4-2XyE4dIJgI8WyBHEszE7VocRzviktA99foAh81g=s2000-k-no, https://lh3.googleusercontent.com/gps-cs-s/APNQkAGx64jfAkrdDcfGASv2gKl9oKkaoqz5ngjZka1bAuUD5DvYFV2OqImwh1DP_pQ8-koShvb8J6jKcPRfdayJ3v4_pnt3o4walxUHyEBQl8yvsakyX5gLW4F5f487qk9ooKgwOTgtamwr-0wu=s2000-k-no, https://lh3.googleusercontent.com/gps-cs-s/APNQkAGy8KSWSppKqrYftjeZwswfyfFhvcWGMcX63BEPu_w7hswG47byQ7zQHnHxkQFoeFM6cDTpbNtIcdfBiliux3HMBpRMCIMEnWEbZXd0UPyq8tGLlZdmKjhvO8QS3yVgs-uRxn9pXXb5Tgq-=s2000-k-no, https://lh3.googleusercontent.com/gps-cs-s/APNQkAE76q-kQDHOX_aaQtUdOs-LJCRG0IA52ct57CE_HyfF4VKWZ0m-03Qtrtgl9G8UM3q4VNSb5fbnEhLV7-Cmn4DqBWCxsuMWieCAALuabX-mKk1StwJ7z8T06LA3a9gy876H9R1PeZSqi5iT=s2000-k-no, https://lh3.googleusercontent.com/gps-cs-s/APNQkAED8LbqC3woBGwF4D1x9BX0X9D0yJuj6Z8pphSPFU5Ovb-pxWJgsmKnoyfWd_8mtTcbjhAsr32jE1nXtZKTOI2qOEA183OMl_mXtalBt8c6V3xuI6PdKksrnAi3JofNhxwpU3sXIyV_TJc=s2000-k-no, https://lh3.googleusercontent.com/gps-cs-s/APNQkAFJdPHI3XNZimssv_-8x1xHjgbJGQmNNyawKR4EaYdkKzNAbSl67y9QlCEJH4Yt-ZzbtVTMG5ldo4wO19_U0ozdJ6LaQGvvaCmhfP21d6kN85FvNAeDky9ERYzkicVOtDmDyjLYRIRvAf3g=s2000-k-no, https://lh3.googleusercontent.com/gps-cs-s/APNQkAGQ0V-OBl4L_lMdtH0Tjq4omhH78368_CAYRidop6Lx-cTbp0-E_76EDwFGuF8IepBXUT1NIwnbQPPMc1ShV2qE3cMpS7faZ9v8MQzzvvYewnmRpa7NsowCJ8z0eIhvPy5mVnev9q9QzZVa=s2000-k-no"
Fox Run at Orchard Park,3.9,12,Assisted living facility,One Fox Run Ln,+1 (716) 662 5001,Closed · Opens 8 AM Tue,http://www.foxrunorchardpark.com/,https://www.google.com/maps/place/Fox+Run+at+Orchard+Park/data=!4m7!3m6!1s0x89d305937ed61d29:0x1e791b5957afb8c1!8m2!3d42.7629644!4d-78.7738549!16s%2Fg%2F1tplr997!19sChIJKR3WfpMF04kRwbivV1kbeR4?authuser=0&hl=en&rclk=1,"One Fox Run Ln, Orchard Park, NY 14127"," Q67G+5F Orchard Park, New York","[""Tuesday: 8\u202fAM\u20135\u202fPM   \ue14d"", ""Wednesday: 8\u202fAM\u20135\u202fPM   \ue14d"", ""Thursday: 8\u202fAM\u20135\u202fPM   \ue14d"", ""Saturday: Closed   \ue14d"", ""Sunday: Closed   \ue14d"", ""Monday: 8\u202fAM\u20135\u202fPM   \ue14d""]","[""Accessibility: wheelchair accessible entrance, wheelchair accessible parking lot""]",42.7629644,-78.7738549,"https://lh3.googleusercontent.com/gps-cs-s/APNQkAHzpLiOasfBpB1dl4tMUBkCOwnBQvOlTngb7IXwaIY7PxonWPocmipDDvEwIsAUBecWiEg0wgARIb5j4THwT8iuKXfBRW01JjGaFMvEEv6YBNXL74moCo73AUKH5HZT4rY6hjcqyg=w32-h32-p-k-no, https://lh3.googleusercontent.com/gps-cs-s/APNQkAHzpLiOasfBpB1dl4tMUBkCOwnBQvOlTngb7IXwaIY7PxonWPocmipDDvEwIsAUBecWiEg0wgARIb5j4THwT8iuKXfBRW01JjGaFMvEEv6YBNXL74moCo73AUKH5HZT4rY6hjcqyg=s2000-k-no, https://lh3.googleusercontent.com/gps-cs-s/APNQkAFeOQbPBHQ7J9hpAsvx-iutVfjhv4kmlcZs1mYXIo8wLeLD3lA8f1cyw4VEnWJ78knMsXlK1_rXGuaF0HrGdfcLTo4VkIPSkEdjsEgKxU3K5zoCUdMuEc3C2SlT908EIR5I5KDjIw=s2000-k-no, https://lh3.googleusercontent.com/gps-cs-s/APNQkAEMbiLZ20qpbdwzugBXCa-867UtXhbsCps35oEAjS0Ijul04OjFrZxRHm3fYhkms_80EtH3pDCs_WEJpjAnv1tsVGL4xgPXi-LtkfEVcBK0f-oKHKG5tYq1N358Ck3h-NRT234=s2000-k-no-pi-0-ya128.26596-ro-0-fo100, https://lh3.googleusercontent.com/gps-cs-s/APNQkAEMbiLZ20qpbdwzugBXCa-867UtXhbsCps35oEAjS0Ijul04OjFrZxRHm3fYhkms_80EtH3pDCs_WEJpjAnv1tsVGL4xgPXi-LtkfEVcBK0f-oKHKG5tYq1N358Ck3h-NRT234=s2000-k-no-pi0-ya128.26596-ro0-fo100, https://lh3.googleusercontent.com/gps-cs-s/APNQkAFYglMoo-OydC_MqofvYiaV_P8XjklA5qWO0xPqpq1FEx7a5p9ZjSraOdDKQoDhVudF_0m4EgDjYFKQ_FYOgOBcL6yCR4mOmacNSOEDkk_akurK9x9FK8dvG8tEqFOs_xScEJZK4w=s2000-k-no, https://lh3.googleusercontent.com/gps-cs-s/APNQkAF2hK_KUpZ6w9qAlKrNW-1ojRnFZ-uZ3jLxGZEkoqCUT7apGy8UF70bHm3REJJr7tfWzn-L6Did5nTa_jwNLs47fBTTunOksOxrNB5ksU9JLApHsXp4PRHpuy_c-QNZnBT6dvBv=s2000-k-no, https://lh3.googleusercontent.com/gps-cs-s/APNQkAHb2HIDroTEbdFMK43ki7EOWwjMMAg0Dqognwkmb3-qufZ2wCQzQQkSd23FVkY0hExBxj7opwCQdSzhPfZNE-1xEinkuiIOO0yxUktYLW2H-MLKUYh3CYNHntz_JVEFtQGDTKni=s2000-k-no, https://lh3.googleusercontent.com/gps-cs-s/APNQkAHuQzL7UAWzL1C4E-mI4OZAnqAMxs4MF7IU1QRidbaqrwpW-pO4tnebVFnqFhMsXojmrQbhCO0ClyHcCpz7O8hk3XEtO8cISBwPpFpgrfqeG_FBtk0SzMi242gbS7BB1TSJsgRn=s2000-k-no-pi-10-ya71.67882-ro-0-fo100, https://lh3.googleusercontent.com/gps-cs-s/APNQkAGv6ppUufTsBdjyKpUaUKRqi906JSpZFKoqIMvowM23VFv0m2y8yV5Cs4MZE49jcovuMvgM1c1D8Rx3vRoTMy3zDGHlagZCPwxnMXUB-zjEToP9XpnQiCdkO3NpZjQt6pYzQNdY=s2000-k-no-pi-10-ya353.58862-ro-0-fo100, https://lh3.googleusercontent.com/gps-cs-s/APNQkAF0nfZ_F4l_BLs7PzXbygcXjC7v0rnkGg2mBeS7ou5DH5ZIZk_j8qbGgTG8VS1wv2tvgDxQ2f5GfYaESnrZtJ3hcVabY0XSQlhcbGuBHwbeLmVAZpm7RcD6rJxd138dWxILDNHINQ=s2000-k-no-pi-0-ya95.53262-ro-0-fo100, https://lh3.googleusercontent.com/gps-cs-s/APNQkAFcd9_aUgyiay8PkzoqJlUh4QPJREevkn0uSZiTcItfuLbp_2Twzh9fivzmLwRiIuw1mAUc4r9y83uPuvoErpzimc2AfRw57dKtuJ_6A19eopOVxRgjSASR3M3umpN5sfmnWtLM=s2000-k-no-pi-0-ya86.16126-ro-0-fo100, https://lh3.googleusercontent.com/gps-cs-s/APNQkAFWBDrh4hNnkgRPjBzARBLV21FUlfcsdW5c1HniOHdfwuU4QKQyqH1IjZXQGuo0mXOLUJW3koOaSLkBT9BloEwRBW4yU3f7WTU4MFYKslycsrS4Bz0muHD4AqMGN5dCADnboOVc=s2000-k-no-pi-20-ya88.69688-ro-0-fo100, https://lh3.googleusercontent.com/gps-cs-s/APNQkAGysdBKcOil1Gex3qvszdqBrJBQZGYlz6AtqUFd2eZ-aVEKSvfpyMU_xWYusdcc3WsDyYqjDSRrkFJv7FfULYauUWHW4oI5ZW2nwD5vD4PQuXEuO7x_ye7gjQ7CMTG9p3sw6e_f=s2000-k-no-pi-10-ya247.07184-ro0-fo100, https://lh3.googleusercontent.com/gps-cs-s/APNQkAHPWrIt9AEjjPMlYjGLK8m_LitlQnYOyswCdDftXPMuqoh7f-VDFAGrcNHmKERbJe-yh-EhfZo5F61_M0Hx16rJ2OAuWj7eUwDBGH0exFtYfxQw3qVj771X0Rl6_JGQZ5NFK52h=s2000-k-no-pi0-ya257.92966-ro-0-fo100, https://lh3.googleusercontent.com/gps-cs-s/APNQkAHPWrIt9AEjjPMlYjGLK8m_LitlQnYOyswCdDftXPMuqoh7f-VDFAGrcNHmKERbJe-yh-EhfZo5F61_M0Hx16rJ2OAuWj7eUwDBGH0exFtYfxQw3qVj771X0Rl6_JGQZ5NFK52h=s2000-k-no-pi0-ya257.92966-ro0-fo100, https://lh3.googleusercontent.com/gps-cs-s/APNQkAFNl_5svCtHjZmrWdSahdxmV9NiW3cpHLpMVxcaXCvxspvyY5LPXU4gTBD637srH6RAZbjqYpHMH4ueqXxPpFO9ZWvbnJxCp2CO266X8e_1BS_VHzhdHHteOOR6DGesZJLyBN8w=s2000-k-no, https://lh3.googleusercontent.com/gps-cs-s/APNQkAGoSbaESlaYgr0MW1yEYnV7Tr-Jf_2KUk6_uGavRyQVKXTd9M5NOMl0tOygl3CU5UoWxszRrWAgP204eht_tfKcj-5NvmK7nLchgYTmAuhnvXwpDHrh_B0gezYnPmqEzrWEp00D=s2000-k-no-pi0.1528951-ya126.51068-ro-0.19215596-fo100, https://lh3.googleusercontent.com/gps-cs-s/APNQkAHUXjc9vBPq41vLsmHZHv0nzMv2yD6gnvEcdRKXlm_nkTRRCTn-i4ZmEYQvjZnPEYg8WKzewQZXUCPufLnHUqtsWAcX9_hH_wMwmcMs8ogRm13Sk6cV3UFse_UgdvqD41tI_ogFAw=s2000-k-no-pi-0-ya201.64197-ro0-fo100, https://lh3.googleusercontent.com/gps-cs-s/APNQkAEE_TkyZJTborgyPuDUgcjz4jCh3tjvosWXRWFtr5YF1Hn49ngiY-2O7zFd1HF2bArdALH1rlrZqybLL0OtPU1pXCQ2Sz50Z2hO5XZtj8oB5TldKkgjmIeHETGb1WSoKFbjekPJ=s2000-k-no-pi0-ya239.4734-ro-0-fo100, https://lh3.googleusercontent.com/gps-cs-s/APNQkAGCN3s-JkAo6cBHNL7_CuzxQN8zCQOYkH-ht6HxKmqEuylAgXqvBgBPObQedUkwZvFUxqFr-_4S6EQVM38NgZQFrw2JFgb3CUeNnq1bdGS3oQLx-6WQNjfzU_zqv2RcHqUXXdhF=s2000-k-no-pi0.47637555-ya61.351418-ro-0.48294815-fo100, https://lh3.googleusercontent.com/gps-cs-s/APNQkAGMoRVY3JyHQBvwkITHJHHWfgnKAj9am6Gxd3EIzLpKGJrxcCTCPgJtx5pbHa3sVoDjFesNiX2rjGLbjsKc6-SxT6PZ40_WMLuVxtoG755Q3dK6mxkfPDuG2xO3g1QAEr3MzzU=s2000-k-no-pi-0.08493386-ya320.35522-ro1.0593214-fo100, https://lh3.googleusercontent.com/gps-cs-s/APNQkAHXxplPwpMIa3Z2ppZzmZUXVU6jcVPYb9dfhQuAsKR0TcjpDUV5V-5oJ0m_Cy5yIPy1gSnfTjYiQTPIiBlTEjvewd5zwn0i4ReIAh1_JnvqjHLPXALTey2IC090leEnxLZt74COKA=s2000-k-no-pi0-ya266.46097-ro-0-fo100, https://lh3.googleusercontent.com/gps-cs-s/APNQkAHXxplPwpMIa3Z2ppZzmZUXVU6jcVPYb9dfhQuAsKR0TcjpDUV5V-5oJ0m_Cy5yIPy1gSnfTjYiQTPIiBlTEjvewd5zwn0i4ReIAh1_JnvqjHLPXALTey2IC090leEnxLZt74COKA=s2000-k-no-pi0-ya266.46097-ro0-fo100, https://lh3.googleusercontent.com/gps-cs-s/APNQkAGkdwDahfjT3cTw5xoLT7WYkTjSfTQPPPUZWiLkgq-ZXbY-hYqaRxJ-omwfxnOzfnkgSHIdWOOK0-z5L-OeS3Fjy-xNrB7Txac-MbElZGleisENNmrJzzJf2hnhpxa3N_cNKePe=s2000-k-no-pi-10-ya358.78094-ro-0-fo100"
Elderwood at Hamburg,2.6,12,Nursing home,5775 Maelou Dr,+1 (716) 648 2820,Open 24 hours,https://www.elderwood.com/locations/elderwood-at-hamburg,https://www.google.com/maps/place/Elderwood+at+Hamburg/data=!4m7!3m6!1s0x89d304cc28ffd07b:0x845ae5b1137c782e!8m2!3d42.7316856!4d-78.8328704!16s%2Fg%2F1tj4j0p4!19sChIJe9D_KMwE04kRLnh8E7HlWoQ?authuser=0&hl=en&rclk=1,"5775 Maelou Dr, Hamburg, NY 14075"," P5J8+MV Hamburg, New York","[""Tuesday: Open 24 hours   \ue14d"", ""Wednesday: Open 24 hours   \ue14d"", ""Thursday: Open 24 hours   \ue14d"", ""Saturday: Open 24 hours   \ue14d"", ""Sunday: Open 24 hours   \ue14d"", ""Monday: Open 24 hours   \ue14d""]","[""Accessibility: wheelchair accessible entrance, wheelchair accessible parking lot"", ""Payments: Accepts credit cards, Accepts debit cards, Credit cards""]",42.7316856,-78.8328704,"https://lh3.googleusercontent.com/gps-cs-s/APNQkAHFxn_DYf1GSGrjLInyA-1Jorr3kjmKpSlHSrw3yz4qTvVofjKijvYtuvWK1de6hBb74_J2CFsqgYrEYVynYZ-Wr2NlIuvckg05Ye9k-24llqUd99guulhc1Vc7Sva17rYyxcpR=w32-h32-p-k-no, https://lh3.googleusercontent.com/gps-cs-s/APNQkAHFxn_DYf1GSGrjLInyA-1Jorr3kjmKpSlHSrw3yz4qTvVofjKijvYtuvWK1de6hBb74_J2CFsqgYrEYVynYZ-Wr2NlIuvckg05Ye9k-24llqUd99guulhc1Vc7Sva17rYyxcpR=s2000-k-no, https://lh3.googleusercontent.com/gps-cs-s/APNQkAH_xnZfOxIr6SXCVUV8wjZb1Y_PnjAKTgKad2oCw4oHMiDZ8HDls3FjcBwYRf0s_mzfn3PyDwla17Rd0aw301E5QfjxPBLRzrC_ysDzoRTOaqUaSbQ00UQmU8QVEQtY9b9yTIm5KA=s2000-k-no, https://lh3.googleusercontent.com/gps-cs-s/APNQkAES2zeq8uzygGfZbl4yHgPRctAPluOpoltf_w3jjWuuSD1shjpVb6rlIuMaxmMpy_mGo9_XsI8SJhyGpTTkfpmKO3YagWbGuoePKoxCZ3JhJdZ5LzmegbMvWWsStaYzXOEkBHIM=s2000-k-no, https://lh3.googleusercontent.com/gps-cs-s/APNQkAGGU1RmROEr6lKz0p_cHgEs6tbPdzF_SXDP3ceTuXN0CJIcIH25L7jrD3IaI6Vy0PGD1ZnGqyq8uJCrSwRah4z26cFEO-_xkOoiU2cL2A4ZEeeOCr9JgxhTi-ifY0HLsaxAYlj_yw=s2000-k-no, https://lh3.googleusercontent.com/gps-cs-s/APNQkAHImWj0uQh2N-Oha3fc5L6HjqYAwl1UhLBZlPz04Qdv3BhHafvUmwH3R9w2mxEt3g9gq2PifZxJKVADQDMO9kNOKNW3gc25GJA6dUk8HLnw1_oRwHNy_8sphd8bYaPmtTLI=s2000-k-no, https://lh3.googleusercontent.com/gps-cs-s/APNQkAHGTvGXlauhWe7aWcJib9pwKwBxKe8WM_ZuiZpRay85aL35iwv4K1q-WY7SiywANjbdimC7DmcRTSjG4WzAs8d0euVQlgO8rp069oE5DCklnjE4Gae8qIo5hT6trlSn2HZE3JrC=s2000-k-no, https://lh3.googleusercontent.com/gps-cs-s/APNQkAHMli0XPVGu2DMz-udcF0nHFLGu0DVztB02yvMIg9WfiGMm9-YhGhKWY-b685KqNqmX1H16ko4TGdzNlaQa9OFqvGpstB7ckFxw9_6UqXtBvs8snrwJyuc-139uDtrfUM5_1ug6=s2000-k-no, https://lh3.googleusercontent.com/gps-cs-s/APNQkAEQK-g3rqh9rivIWcxyxP7l1JAqLaaN6J2C1dakL6dou1NwSk9raF3q5JOTk3XvfdnnTy6JkU3vS-3MrK80tHeXGzHLxAFs8R8THptSIdD_HGQoy99bMqsOSs9onR7xYBHacTeR=s2000-k-no"
Elderwood Administrative Services,2.6,2,Corporate office,500 Seneca St,+1 (716) 633 3900,Closed · Opens 8 AM Tue,http://elderwood.com/,https://www.google.com/maps/place/Elderwood+Administrative+Services/data=!4m7!3m6!1s0x89d374f80a0e3089:0x6b5c6b9e63166d59!8m2!3d42.8776866!4d-78.8570344!16s%2Fg%2F1vcl4rc1!19sChIJiTAOCvh004kRWW0WY55rXGs?authuser=0&hl=en&rclk=1,"500 Seneca St, Buffalo, NY 14204"," V4HV+35 Buffalo, New York","[""Tuesday: 8\u202fAM\u20134\u202fPM   \ue14d"", ""Wednesday: 8\u202fAM\u20134\u202fPM   \ue14d"", ""Thursday: 8\u202fAM\u20134\u202fPM   \ue14d"", ""Saturday: Closed   \ue14d"", ""Sunday: Closed   \ue14d"", ""Monday: 8\u202fAM\u20134\u202fPM   \ue14d""]","[""Accessibility: wheelchair accessible entrance, wheelchair accessible parking lot, wheelchair accessible restroom"", ""Amenities: restroom""]",42.8776866,-78.8570344,"https://lh3.googleusercontent.com/gps-cs-s/APNQkAGXlMK87h6dY8oLJEUqmwON_2dqjnxN19DQgCW3Fa5EbVUfcMHM2LaqNjPOhX0HGUP-By8Mkx-cqV-RbM0gltaHTh2ic8cXQ9i-IYpFbYYqUG0PmqUbyId28jFqnScdbzo70YSFhA=w32-h32-p-k-no, https://lh3.googleusercontent.com/gps-cs-s/APNQkAGXlMK87h6dY8oLJEUqmwON_2dqjnxN19DQgCW3Fa5EbVUfcMHM2LaqNjPOhX0HGUP-By8Mkx-cqV-RbM0gltaHTh2ic8cXQ9i-IYpFbYYqUG0PmqUbyId28jFqnScdbzo70YSFhA=s2000-k-no, https://lh3.googleusercontent.com/gps-cs-s/APNQkAHMc3fe8u6kKYja90qZQL8CyVyvB0NPKENSWDJlcehLiFFSz85X0E4tQo2FWM-Vl_NhjxeFrEMvCiN7yZ25CWxXU6jz7dTmmjqnaN6ykx0SOWH86h0p_TXccrC-km32aqfIaDU6=s2000-k-no, https://lh3.googleusercontent.com/gps-cs-s/APNQkAGFRLOuNFKnzLciVxKSGhlDGZcilv-YMbND23kn8CjgFw3m-HuUIj4OWilleMRSUHFy-5xyoCAGifKiUzUE11D0dUu7gtKYbeg899rScQKM2hIOxFr41aPguAlbfGSt5bAeWOQd=s2000-k-no"
Niagara Lutheran,4.0,74,Nursing home,5959 Broadway,+1 (716) 684 0202,Open 24 hours,http://www.niagaralutheran.org/,https://www.google.com/maps/place/Niagara+Lutheran/data=!4m7!3m6!1s0x89d3a0410d08123b:0xfe854250f0c08034!8m2!3d42.8928045!4d-78.6314869!16s%2Fg%2F11g6nzk5ln!19sChIJOxIIDUGg04kRNIDA8FBChf4?authuser=0&hl=en&rclk=1,"5959 Broadway, Lancaster, NY 14086"," V9V9+4C Lancaster, New York","[""Tuesday: Open 24 hours   \ue14d"", ""Wednesday: Open 24 hours   \ue14d"", ""Thursday: Open 24 hours   \ue14d"", ""Saturday: Open 24 hours   \ue14d"", ""Sunday: Open 24 hours   \ue14d"", ""Monday: Open 24 hours   \ue14d""]","[""Accessibility: wheelchair accessible entrance, wheelchair accessible parking lot"", ""Payments: Accepts credit cards, Accepts debit cards""]",42.8928045,-78.6314869,
GreenField Manor,4.7,8,Retirement community,5953 Broadway,+1 (716) 684 8400,Open 24 hours,https://www.thegreenfields.org/greenfield-manor/,https://www.google.com/maps/place/GreenField+Manor/data=!4m7!3m6!1s0x89d3a0411732c8b3:0x194c14e9cc038c!8m2!3d42.8913368!4d-78.6315198!16s%2Fg%2F1tdmwlxb!19sChIJs8gyF0Gg04kRjAPM6RRMGQA?authuser=0&hl=en&rclk=1,"5953 Broadway, Lancaster, NY 14086"," V9R9+G9 Lancaster, New York","[""Tuesday: Open 24 hours   \ue14d"", ""Wednesday: Open 24 hours   \ue14d"", ""Thursday: Open 24 hours   \ue14d"", ""Saturday: Open 24 hours   \ue14d"", ""Sunday: Open 24 hours   \ue14d"", ""Monday: Open 24 hours   \ue14d""]","[""Accessibility: wheelchair accessible entrance, wheelchair accessible parking lot"", ""Service options: Onsite services available"", ""Parking: On-site parking""]",42.8913368,-78.6315198,
The Brothers of Mercy Skilled Nursing & Rehabilitation Center,3.1,2,Nursing home,10570 Bergtold Rd,+1 (716) 759 6985,Open 24 hours,https://brothersofmercy.org/,https://www.google.com/maps/place/The+Brothers+of+Mercy+Skilled+Nursing+%26+Rehabilitation+Center/data=!4m7!3m6!1s0x89d39eec72be3d35:0x792d663c67613dab!8m2!3d42.9675969!4d-78.5948554!16s%2Fg%2F1vc82t4d!19sChIJNT2-cuye04kRqz1hZzxmLXk?authuser=0&hl=en&rclk=1,"10570 Bergtold Rd, Clarence, NY 14031"," XC94+23 Clarence, New York","[""Tuesday: Open 24 hours   \ue14d""]","[""Accessibility: wheelchair accessible entrance, wheelchair accessible parking lot""]",42.9675969,-78.5948554,
Symphony Manor at Lancaster,3.2,5,Assisted living facility,5539 Broadway,+1 (716) 683 5150,Open 24 hours,https://www.symphonyny.com/,https://www.google.com/maps/place/Symphony+Manor+at+Lancaster/data=!4m7!3m6!1s0x89d30a9921e27b4b:0xb2e2bfacfec363cb!8m2!3d42.8981318!4d-78.6633904!16s%2Fg%2F11bc5yd_j6!19sChIJS3viIZkK04kRy2PD_qy_4rI?authuser=0&hl=en&rclk=1,"5539 Broadway, Lancaster, NY 14086"," V8XP+7J Lancaster, New York","[""Tuesday: Open 24 hours   \ue14d"", ""Wednesday: Open 24 hours   \ue14d"", ""Thursday: Open 24 hours   \ue14d"", ""Saturday: Open 24 hours   \ue14d"", ""Sunday: Open 24 hours   \ue14d"", ""Monday: Open 24 hours   \ue14d""]","[""Accessibility: wheelchair accessible entrance, wheelchair accessible parking lot""]",42.8981318,-78.6633904,"https://lh3.googleusercontent.com/gps-cs-s/APNQkAFLZ1QKO18L8B0Qij0jhCoVpcT8j3TxHKhKvLtwO4hsPxP-pnlT5QLbNPCmsylqQOQenm_1kl1WrO8rkG2buTDxntOOQqPZ_Q8lGpdNPkauvbywHQXTdgY6kzbvtbU_9z_xWwkY=w32-h32-p-k-no, https://lh3.googleusercontent.com/gps-cs-s/APNQkAFLZ1QKO18L8B0Qij0jhCoVpcT8j3TxHKhKvLtwO4hsPxP-pnlT5QLbNPCmsylqQOQenm_1kl1WrO8rkG2buTDxntOOQqPZ_Q8lGpdNPkauvbywHQXTdgY6kzbvtbU_9z_xWwkY=s2000-k-no, https://lh3.googleusercontent.com/gps-cs-s/APNQkAGpDWxSRjsrfa6wd2oAFUriHDvkmCrMFxoR-4eMomGkCrSrjOL-XtpqfsLeqvKnFCakwcwhEL8RajyNEAm-RsVzw2K50EGZu9nhHPZ2JOwnjJzabsXOzY-hmLJ0Lqfx7V5SwRRf=s2000-k-no, https://lh3.googleusercontent.com/gps-cs-s/APNQkAGh0JeJf_AnRleSDJWvk-fuNhi7UM5aONyH2ENv5m2_8KnOBw6-vuL9OYZSLkm7tE5gsrGvzKVx_9bRXuI6RKGnQ0AG5IqdMP8qMBiNa69Rz8c-lTk9gymvq8ilqMdAHR_ehkYM=s2000-k-no, https://lh3.googleusercontent.com/gps-cs-s/APNQkAEB3EwkDhaZVrJYQwNPuvj8MVsYRF4UGJXBe6W3YM3fAyZWQeCyvKBJeGzPvXfWcdv5iNSyqRUFjDt8Gc_cUkFLKq5O5E-wqMeMf8hPn-Fy_i7fQhqW1rn41-A3Sv_mPAlgxGRB=s2000-k-no, https://lh3.googleusercontent.com/gps-cs-s/APNQkAFhIDu3u0Gb-wwIPHE874HVNOj_qRiiamDiOYbmxO50RzJKKMAz3bn0Pz58wQj8v9_f0G3HGHtamSMInX0CXleu5Pu_K4JpkJOtMUwDEzpf7WM64ZHxbCD4uQhM7cWg2xv2FIo=s2000-k-no, https://lh3.googleusercontent.com/gps-cs-s/APNQkAFSgX7WQQyNxywPXrrCffcNr1mzWSL8ib_VB1Qs1AY9b4fztoCAEaCRB8bOA38MSG3lIJxRn9ag7aGJSKOHMFUf2H5wub47-OgO6dL00eF-U29rxSm58eK2rbDGEjUNd-AWZajQ9A=s2000-k-no, https://lh3.googleusercontent.com/gps-cs-s/APNQkAEJr1W03s7STOyz73JEVl4o62p1z7WFGtJL-6F7obsFnPhTJXCDlRgVDex2j1pb-mPAO0h0O5qqz-fkjM6TUm_6sX_NeOvvh7WYHboGLvM-nFZFTU-HqSx1Ksfsl39nFAUKO4FnfA=s2000-k-no, https://lh3.googleusercontent.com/gps-cs-s/APNQkAHayH6eDR9O-XeNPhfSZgxXvj0JYaXsKp_88CJF2zSFazLuaTIiDU_pRR-b2sjUt28zclnJX9WNTKK8YvRRkzUSTNHQOgAj4N1RK6DGUOXwMg5qLnV_Q_JrPPoz18mX0ehy7LEW=s2000-k-no, https://lh3.googleusercontent.com/gps-cs-s/APNQkAGPYhMYhz0U3u-BsczHFCjbE3p54LdzPACJbDAZ4xG80x_hQwJF033yTRC2WjX2nDxopnA7oe_DGBOr74G3GEAWUEmjvx5QXQ7zqS6okoEXrPr8K2o4bda_OrSiW8mj6WIGzJXN=s2000-k-no, https://lh3.googleusercontent.com/gps-cs-s/APNQkAGHL9WjfZBl-RyA253E1_FOSNaOl8XRgw9G6OrjeirY5nxCvR7LsGt5r7mwkQj5XI76GmiepaTiyMOflg2CCDV22h8rJ7i9EzYv6kXBL5PbQ5DPQ-fa4ID2Rc2D4AjTh2cR-akIWw=s2000-k-no, https://lh3.googleusercontent.com/gps-cs-s/APNQkAHXj2-hASq-8QezcBC3fYLf3DyadmWPoF8vF3-Vjh6lwkzwRjrBN_YOCoHtmY43hmRbAEA58Jh2NJwNZ35CprGUDw--IGFkq5aJ6B1TrCjbaKw2wuR76UO8iVP2CfygCpHSxJlw=s2000-k-no, https://lh3.googleusercontent.com/gps-cs-s/APNQkAFSyVQh5Hp8g8inGS5Zn81ystArzseVOhEO5-znAb_dvD4AzuhHrS1ja5Wgf7gZgn5RLiibWy3_CrIApCknKG09GsyKYQD2KRQhcW0lH9CB7MWzI3ajrR0SeNesOWB3XNqy41ySZg=s2000-k-no, https://lh3.googleusercontent.com/gps-cs-s/APNQkAEUhMw1FXsYLk6vfV16P3xLnVlaDSFxq-LqQIiAaVIsWvqz7gOBzGvdlA0-uYWLgu0D-gsWGjIV6iom7_HvHhePwyyHpnx3a7pWc4LAPenG3ITtQly6dUTpMCTd8GII09U_J8Mb5Q=s2000-k-no, https://lh3.googleusercontent.com/gps-cs-s/APNQkAHH6MBaQyM_6KEiNvJLdWL2EhsgIsqERo04R0hzA_6r_5jEBlh0e6QIZsm3CyUDu2jLFSg0ZFZf3ixT_MSiTVSCR6ukHxPiG3vuNpBAaQ0tF2fSnp3bypgJcWo9y2RVMHY6WmsD=s2000-k-no, https://lh3.googleusercontent.com/gps-cs-s/APNQkAGa76dGjryxnK3sJs3CqCit6sS2ni60ta3DwgGxif9csWdcB5dBm7Jc46P9OGROP2FDHStYfEt1UwSD-SmccAEpnMQ0TkQBuDxLcRlAxpg4tiLDntAMNkUJhjWHC2CJrytXhyS2wg=s2000-k-no, https://lh3.googleusercontent.com/gps-cs-s/APNQkAEePe62pb3UQJ5vOZ9ZccKn56ejBKydp3besU2ePrW6Puq9sA4d58b6cpZvMCKV1FDfnpck3QXe783tsAj5cKqh3G94Meg7qi5hMI7rqdXdLl9BYFQH_MLtIz0MKWv3GhqLq2d1=s2000-k-no, https://lh3.googleusercontent.com/gps-cs-s/APNQkAFr73-fx-ItXA334mdTeq5hBgxLg1HLye6r_LDdHjbiHvYDrcCaSsDQhtBn2VFROCvktK2xjWEfnhiZlyT5he_vlO8_BfiCzrAxzENBslpmmVSyFFT2bSjK1YhZzKI5CxM1ZA4l=s2000-k-no, https://lh3.googleusercontent.com/gps-cs-s/APNQkAEBmUeDsQmwAIFXVbgmpv4377pYsn2zVryuQk6FwdSiQE4xMBkysfdK9jBeaGTCKX8lNktH6tD8E3AnM92-BsNdhziWfMik-Rb91Aqe8ue-LnwKDfAhXEhO4xeUZ_iYUkXRchv9lQ=s2000-k-no, https://lh3.googleusercontent.com/gps-cs-s/APNQkAGBlkI5vm6JjdmEkFDcj6T4lb6MVa3AAXIm9IekjUCB7aCTvSqaXBpszTzHQc0QYPDiRWi2F4Vz5N9qoX4MkvNRNY71dkQhlCU4fKGSj9cXwFNLqVROgzXiImhjlu0M2n-QVEM=s2000-k-no, https://lh3.googleusercontent.com/gps-cs-s/APNQkAEsLgcxTaImjIoT_rxtQ39OQ3xNdCPlysMg4EFDbK75Zn7mgCESOW4cUObxlh1dqQ621ZeBgsXhOZi_xlhJjCzYYwkqvCpaRX_TQy-dxT4HRAil-fZjMlIxxcQoyG39lOaBNeY=s2000-k-no"
Elderwood Residences at Wheatfield,4.6,27,Apartment complex,100 Crestwood Ct,+1 (716) 215 8040,Open 24 hours,https://www.elderwood.com/locations/elderwood-residences-at-wheatfield,https://www.google.com/maps/place/Elderwood+Residences+at+Wheatfield/data=!4m7!3m6!1s0x89d36f67c91580f3:0xf0dde9f411cc3628!8m2!3d43.0897102!4d-78.904953!16s%2Fg%2F12642nsjs!19sChIJ84AVyWdv04kRKDbMEfTp3fA?authuser=0&hl=en&rclk=1,"100 Crestwood Ct, Niagara Falls, NY 14304"," 33QW+V2 Niagara Falls, New York","[""Tuesday: Open 24 hours   \ue14d"", ""Wednesday: Open 24 hours   \ue14d"", ""Thursday: Open 24 hours   \ue14d"", ""Saturday: Open 24 hours   \ue14d"", ""Sunday: Open 24 hours   \ue14d"", ""Monday: Open 24 hours   \ue14d""]","[""Accessibility: wheelchair accessible entrance, wheelchair accessible parking lot"", ""Amenities: fitness center, outdoor space""]",43.0897102,-78.904953,"https://lh3.googleusercontent.com/gps-cs-s/APNQkAEyuVtJtDCipZLzIbEOebSORcPzQngrPVEyOJV80OdTfbQ1AnaCtBGpKcCpEXjxnjj79_ozODUeJFR96I1BKzJC8iEGBwHuF2SF_m0ChWpO1pD558tsXvR3n6ooSfPtBsNQ2XPe8Q=w32-h32-p-k-no, https://lh3.googleusercontent.com/gps-cs-s/APNQkAEyuVtJtDCipZLzIbEOebSORcPzQngrPVEyOJV80OdTfbQ1AnaCtBGpKcCpEXjxnjj79_ozODUeJFR96I1BKzJC8iEGBwHuF2SF_m0ChWpO1pD558tsXvR3n6ooSfPtBsNQ2XPe8Q=s2000-k-no, https://lh3.googleusercontent.com/gps-cs-s/APNQkAEBSeKCAiLO3k0cZ1FZJgK7D5spxyr6bj3YJ0p_uXYe5eDE4fO0LvV08FMDk0taNLcMVVkXOax78C9wi-FNSODWIeINAUxd-4r_0LQyTvTndIZN2zrSVBVk5WUE-2EdQ1a4dhiDfQ=s2000-k-no, https://lh3.googleusercontent.com/gps-cs-s/APNQkAH08VeV0BCNyEW9y5ZJqvvaoFAcAuGANJgTgbomeAXmZ09AVF4Ukcu_5ER0A7Lh5ahz8q2-5oIalDhGFPYHVaLiXGmi1S5xDb7Ls2L2y2CVq7YYe-J327R14SWc8oi4cgd-nOHY=s2000-k-no, https://lh3.googleusercontent.com/gps-cs-s/APNQkAGYTpZ_6dQa5I4KUdcjHuEiLtq5qqQiKn-nIObQ17-aD3R5otwgQ5n_1WJpeTf3EL6e7JiVzL3sdu8QdTs0g_Lw7-Jdz1MODRjpLd8tQryf6T_WUEHCl1St0dnStm36JwFTX_5D=s2000-k-no, https://lh3.googleusercontent.com/gps-cs-s/APNQkAH4SFw2KwyF26ZOXRv9G_awKeLRUCzCgiWQYhX2SgN8noxBdAvo1z_0uFivlqBlOkzGKymJ-b_iXpVl8cuFkYgAaYOuNIEDHuYEhCXq9vIc5nNbtltT-bo27vRcIk-vd98jvdL6=s2000-k-no, https://lh3.googleusercontent.com/gps-cs-s/APNQkAFwBld37GCTcW8wcB7NxEI3aZws36PiwqNvsSl0yYgdtZoUjjVKvz2t9FUMxVReZ8EMfOgUqh7uaaS7T02WOqQ17ZuV6w8gDZNSmU7geHR2sj0Dwp1BpjDaGv9nOWw1xH1TfVYYiQ=s2000-k-no, https://lh3.googleusercontent.com/gps-cs-s/APNQkAHxc8rCff0H3Rc2ft9LtIXzUNs5eOhQdc6OwBOt33dqgbMhYUQt4WlpY9GQIZ5mho1znY0Au6ATkzdwRtZm5xM1G1Hl9Wn2CpvHpPiYhjUY4Rz5SULr3A0J96N4mK_Z6ghGRXwC=s2000-k-no, https://lh3.googleusercontent.com/gps-cs-s/APNQkAHgZ59o5C9O5VPn-nshKNcTH7AHoRylXTP8QeJXeQ1nCqHAPOjznzgd0oG8RAEGG6KsERmJ7UpKyyku3wh2YvtdOb1vbi5RQPiJ0DYOLd9nXHaalGIrQCJHrspcfmN75k6HjjGb=s2000-k-no, https://lh3.googleusercontent.com/gps-cs-s/APNQkAHDV2-QMVauKJTMWerR3zcPbkM9loSq7kx0KGnCGc2vjm4NoxY3K6O2IF7k3YnX2Lx9S2M1KFdCLK4onGKmZOVEWN5gSGkuWce7uG8N-N5zYeHQPdDtBAX7obtzoP7j31pFlvp-=s2000-k-no, https://lh3.googleusercontent.com/gps-cs-s/APNQkAHEnjzxhXNgzclP7STJpzWOzstJfEqVmpdePysczwxORNXlOaJvULlj5IDNg6ksIKLoMGZ0wKTl7ZzG1v6WJpjg1IPQ0RzQr5Ah76ikYOy0on364xs_TumPvZqgaMHu3poe171J5g=s2000-k-no, https://lh3.googleusercontent.com/gps-cs-s/APNQkAGNiGpPCKw-uXEA5Jb0irnSz3D5Z2A7y1nBkjarabHcceAbmYx6pkY0feaYHfJWsy3jdOwlBLs7afwB4NC0ISzeKVRN0XRA79EYFm5JLfWyHFk3zVyN14SIEQVayoeiKGqUUNHSYA=s2000-k-no, https://lh3.googleusercontent.com/gps-cs-s/APNQkAFWo1ZYpVpwmRC6OTOikpPRjZwp92lp78WNLkQSbzPQwnRrBkFsu-cBViAYpe-uvzLVSZRz-dH02rrgAAsGUg4lc-8Bqo321FcDtI_VTNkOzjtev2Je3jI_pFrXHMUidsCYPezl=s2000-k-no"
Absolut Care of Aurora Park,3.1,53,Nursing home,292 Main St,+1 (716) 652 1560,Open 24 hours,https://www.absolutcare.com/,https://www.google.com/maps/place/Absolut+Care+of+Aurora+Park/data=!4m7!3m6!1s0x89d3a7da68c80ceb:0xa23d945b63466eba!8m2!3d42.7689825!4d-78.6238838!16s%2Fg%2F1tfd7zg3!19sChIJ6wzIaNqn04kRum5GY1uUPaI?authuser=0&hl=en&rclk=1,"292 Main St, East Aurora, NY 14052"," Q99G+HC East Aurora, New York","[""Tuesday: Open 24 hours   \ue14d"", ""Wednesday: Open 24 hours   \ue14d"", ""Thursday: Open 24 hours   \ue14d"", ""Saturday: Open 24 hours   \ue14d"", ""Sunday: Open 24 hours   \ue14d"", ""Monday: Open 24 hours   \ue14d""]","[""Accessibility: wheelchair accessible entrance, wheelchair accessible parking lot""]",42.7689825,-78.6238838,"https://lh3.googleusercontent.com/gps-cs-s/APNQkAH39YL60wTei728p-KrFWZLwBWCSasAI9uNXm7e8d9DgeZgqcRuzsEvdTr7iwlV_yh-BcdOhwaPGP5zR3k_mMceV46xLFYNqFGPCocE9EWt9ntS41nyi0Re3E3EjrD8Al1ElzU=w32-h32-p-k-no, https://lh3.googleusercontent.com/gps-cs-s/APNQkAH39YL60wTei728p-KrFWZLwBWCSasAI9uNXm7e8d9DgeZgqcRuzsEvdTr7iwlV_yh-BcdOhwaPGP5zR3k_mMceV46xLFYNqFGPCocE9EWt9ntS41nyi0Re3E3EjrD8Al1ElzU=s2000-k-no, https://lh3.googleusercontent.com/gps-cs-s/APNQkAH46x-T_4G_npumhDE-3jYI0mAja6atsgV8-DjGSAkFa5Y5WTK8ai9AxybvNJPhr_IuteEREgeyAu7L25Xt-r0wvIbqCX3tTIpt1_bRdTg1jwkRHBCEjvs-iaV4aJsJlLxI4iWn=s2000-k-no, https://lh3.googleusercontent.com/gps-cs-s/APNQkAFCZam_RJJ324v9jvjzK61IDWCxhySlOJ-qmdD3bqPYT2lEmMX6xVZbgp0w_f96Z174p90VtkIUkjEE8NGMExwmfoSIZ6zdW7CFge2KtvyypOD3nD5r1Apzr84J3lQ17FBNIj_MCg=s2000-k-no, https://lh3.googleusercontent.com/gps-cs-s/APNQkAEQGSJA6_SUxdms8uk61M3KQIGlIFiF1voxDZuCWWJ43WbbIBTCOEBh-PByujKuCRDtwhmm-FeLv6k-QMvzrTl-kNt-WpLZTHE27r-P_XATWXSz5iwHNLYGEAXilL4HZkXURZ1dWw=s2000-k-no"
Elderwood at Grand Island,2.6,6,Nursing home,2850 Grand Island Blvd,+1 (716) 773 5900,Open 24 hours,https://www.elderwood.com/locations/elderwood-at-grand-island,https://www.google.com/maps/place/Elderwood+at+Grand+Island/data=!4m7!3m6!1s0x89d3699b42dcc15f:0xad6ffb9d2f9d7086!8m2!3d43.0393817!4d-78.9805423!16s%2Fg%2F1tjdxww5!19sChIJX8HcQptp04kRhnCdL537b60?authuser=0&hl=en&rclk=1,"2850 Grand Island Blvd, Grand Island, NY 14072"," 22Q9+QQ Niagara Falls, New York","[""Tuesday: Open 24 hours   \ue14d"", ""Wednesday: Open 24 hours   \ue14d"", ""Thursday: Open 24 hours   \ue14d"", ""Saturday: Open 24 hours   \ue14d"", ""Sunday: Open 24 hours   \ue14d"", ""Monday: Open 24 hours   \ue14d""]","[""Accessibility: wheelchair accessible entrance, wheelchair accessible parking lot""]",43.0393817,-78.9805423,"https://lh3.googleusercontent.com/gps-cs-s/APNQkAFQqLpjwN8yVIL-RvS9ThS2wui66icbXsDF7xDcFVL2xQGIxMC2mcaZkOhGNmoOTQjgs-FUGvO2pPXwa-r_CYlk5NJZghjqKo0AqES5nDyzZQPTIqJTvrcUFMk2fXCg1eCawiEN=w32-h32-p-k-no, https://lh3.googleusercontent.com/gps-cs-s/APNQkAFQqLpjwN8yVIL-RvS9ThS2wui66icbXsDF7xDcFVL2xQGIxMC2mcaZkOhGNmoOTQjgs-FUGvO2pPXwa-r_CYlk5NJZghjqKo0AqES5nDyzZQPTIqJTvrcUFMk2fXCg1eCawiEN=s2000-k-no, https://lh3.googleusercontent.com/gps-cs-s/APNQkAExX5V31wFUqmwobBgJiVZ_Uh4hoeehlwL-N2cyxaXmDN_ENuQmFyv4uIK0bz2zlE02rmgwdv4L69rnClQ0NqvyqjQkhO-eSl1NvynoMVB6dsgB6EMassQu-qdKL9u4riBA3cilSg=s2000-k-no, https://lh3.googleusercontent.com/gps-cs-s/APNQkAGl3a1gjgQsvd37fy9bvNaHlgDmD_Qykz-fMZ5S0r2kiBYunJw9sswwdor_NUdjeObsEZAt0jN_zAy5Oq5l7Fn7D3Nsn_CTYwnYZfnFVi4bEWhl5g50wbI4dN_qxx6bXFHZIJpfEg=s2000-k-no, https://lh3.googleusercontent.com/gps-cs-s/APNQkAGG5tYKuSt1BhEd888QhyHqZOpgIDjXDz0MdgylxQ3DRr6N-pfmrRTy7nWueSTsx-IX4eCLIdB2RPnyx6W__T_gY4bun5a6TFUS3hOa-p3EIDWFQnShQS6ogzh_DlkWTSZpYcqw=s2000-k-no, https://lh3.googleusercontent.com/gps-cs-s/APNQkAE7OzTk1Bnx1R0mRUhpQQ0jAjttxjV6yyyuNczblPTRdzKFTJi5o6mThvLG14QqD4xSA17Bf3cMtig4It6vs8m8LAU2aW6z5WkPdaeRmD6pcyYYREAJpHpc9XJOyV0zcU_Lsfo=s2000-k-no, https://lh3.googleusercontent.com/gps-cs-s/APNQkAHnK90Fs0HhamaPLwEfcebuc01QxWrcizjzrxQIVPTisq3frecyBjEyxDmEuMmD6Fy6r7vuV0Fus_EFWtubH9cduZCiVa_qwoAoOjWbkgIWGdOG0zZPIw4s2e9k9WQRfBsH51JB=s2000-k-no, https://lh3.googleusercontent.com/gps-cs-s/APNQkAFfwjp5hjxVpCS7Yoq4BLTiqstSRNJLZIM742RSfDgzCNzOQQEaFDbFoc6E1cBMB7SJcjtG5EWoAB4CrjLyNEgIu0nZ6qNY8iMN_ZQjPm0tHzULaiwiDWopRgNjFfD4-kv8ADFf=s2000-k-no, https://lh3.googleusercontent.com/gps-cs-s/APNQkAEBcN7ZTr3Pnh0Zbb1EVTu5wKL_sSofDW99VWZGGOz1CJRQr-16s9EvLBYNcJ4qgIGNOWq19ufrpQmyflOlVlSrXVj2mMSqUt2PdpOa8rJSL5fWQKFj0afnY4RfGhVxXUyOGXRu7-WSJfKP=s2000-k-no, https://lh3.googleusercontent.com/gps-cs-s/APNQkAFtoWyrlEKQjD2vw4lsu_P7MNytwcGPmGuVQLGeza9FRpvwkT2nYpMTNm0b-01Z2AucTBOv4JlaBTAvQmHuCMzFs7IvcTLe9cLnGIcdXnYX_O-Up7Io-At03YEYe7Sc0X-rZYwF=s2000-k-no, https://lh3.googleusercontent.com/gps-cs-s/APNQkAER7zVc73RBwuLWPUm547JRkly8ojN9jnOC5VcrtF8zFusmx5v6A75hghi4fFY2tudbXHgItGGg9t6M4YX0slxp5RBl_nLWf7qNBZ1vdEWWE9EpAgJ4h6ocntidsROEXw31jxAj=s2000-k-no, https://lh3.googleusercontent.com/gps-cs-s/APNQkAGf58Z9fQ3sxzFDste3B7FpzlJzYe2UZVI7O-Vs1527RLOS6egQSwGivrLfwefD6ZKwc4N6qWXBa7MPOplKI5zGxUKo9T-gA7WPjku0H18JYITpKa1vEcZ6vfiuU73EtjH50mysaw=s2000-k-no"
Elderwood at Wheatfield,3.0,12,Nursing home,2600 Niagara Falls Blvd,+1 (716) 215 8000,Open 24 hours,https://www.elderwood.com/locations/elderwood-at-wheatfield,https://www.google.com/maps/place/Elderwood+at+Wheatfield/data=!4m7!3m6!1s0x89d36f5df0ee7e65:0x2298b21ee672bfb!8m2!3d43.0897565!4d-78.9068982!16s%2Fg%2F1tk8pkx6!19sChIJZX7u8F1v04kR-ytn7iGLKQI?authuser=0&hl=en&rclk=1,"2600 Niagara Falls Blvd, Niagara Falls, NY 14304"," 33QV+W6 Niagara Falls, New York","[""Tuesday: Open 24 hours   \ue14d"", ""Wednesday: Open 24 hours   \ue14d"", ""Thursday: Open 24 hours   \ue14d"", ""Saturday: Open 24 hours   \ue14d"", ""Sunday: Open 24 hours   \ue14d"", ""Monday: Open 24 hours   \ue14d""]","[""Accessibility: wheelchair accessible entrance, wheelchair accessible parking lot"", ""Payments: Accepts debit cards, Credit cards""]",43.0897565,-78.9068982,"https://lh3.googleusercontent.com/gps-cs-s/APNQkAFfRf_JKKBKc2py2Btk0qJdsQPpf6V1iAR2sSjZEm_BU0vjq2KtHoHEYoLxcffV982dysVN0NtHZTOm3368lAbbwlH7J7wKE718EX2k6r_1eRnKj2ioC-ZBlVG4La_-aVDcjPNLVQ=w32-h32-p-k-no, https://lh3.googleusercontent.com/gps-cs-s/APNQkAFfRf_JKKBKc2py2Btk0qJdsQPpf6V1iAR2sSjZEm_BU0vjq2KtHoHEYoLxcffV982dysVN0NtHZTOm3368lAbbwlH7J7wKE718EX2k6r_1eRnKj2ioC-ZBlVG4La_-aVDcjPNLVQ=s2000-k-no, https://lh3.googleusercontent.com/gps-cs-s/APNQkAFHGWh2obJWe1TxreJp9OrgPpbQmFd0LhO-CrxXtERf2yBk1WzjMqcpsUKJ3fkRgH_M7aX6iEe6ioPTlkBxB-qNGQJIFxM_-MYCKUxRICWSbFg0jkHq44tEFoH2fimtkZM_UgkmBA=s2000-k-no, https://lh3.googleusercontent.com/gps-cs-s/APNQkAHcMsPUxkpg2HPwhyWEG2Z3RI_GukcdaRet8kpZ4S3cNey_GPKo7jdFPptzfwOEaadns16vLyr95iulgRv4G5HERfNhhHCPZeo2d5BlW0wps1qNav6MWwmkGi7rGcA5Q_CfsRFc=s2000-k-no, https://lh3.googleusercontent.com/gps-cs-s/APNQkAHfp6q3mmg-13U3OWc6zsDdek51XkzljqnW27FqJYqwynIyYTdnNOxgbZAr6oc2HIaCZ8eFY-ooaVdzunqX6DsvGpQG84de1pK-_iRG0ZkARkyx6oh0c7h4mt4j65HJZwwZoJ9R=s2000-k-no, https://lh3.googleusercontent.com/gps-cs-s/APNQkAFRXCvnlwLMNXBPSbbwraaslc5AHeS_F1Rm-CqF6teh_pBcVN73R0mHRHMkYAaJQZpKS5kDL8GQog8eoCMIAoWLSqipDKVb8DWVnznEKp4D5lvCoKeiPSVY9ZFgNZAckXhSIgAQiA=s2000-k-no, https://lh3.googleusercontent.com/gps-cs-s/APNQkAHhbinGhbYdleo5Xm7uSjoODcLPkNjbbvtnPsd90-nrPlu1lkvsapMLksPZh3NsJYs32HvCbOcbc45o3JbbKLVK8pVavzp9OdSL1EtfPEDjuLnX-GTX0HCG1K6j4M2DjYxS77CjDQ=s2000-k-no, https://lh3.googleusercontent.com/gps-cs-s/APNQkAH-DS0ZyZnGEQ66lA_qlvQUTMTbj0Zv0ezzEh2Ten5qQ9Aar69kvgVak8mNlHTMYgWVKkC_I0FV8ShaXzO4P-f6iDJf2s7A8UZ0kMiyKq6sTfZERQTyDu_2B6eT27l5O1OBFsN8=s2000-k-no, https://lh3.googleusercontent.com/gps-cs-s/APNQkAFxsfgZci0A3YzOhEJA1EkjigoQkafcuxv6xb0atMAGNfu98mK4-vObsvACTyqrTNHP-JReb_v17edC94q41tszKXsBwtTMwlvAbB-Y6wu7x3I9JNlSX-2zKeoHMXyV56nNeEIL=s2000-k-no, https://lh3.googleusercontent.com/gps-cs-s/APNQkAGTvy4I0QQiX5icbp6G15uqPZwFipd5lfGp48zxwXfVZ4MJ8-bbBo1Qxme7TMkNB98ghDW_oUhAAMEzIfWy5xfPlV0awBA4kcIX-pbMXhvgMW2RYcwK_yJV09LQL87TvNtvOqU=s2000-k-no, https://lh3.googleusercontent.com/gps-cs-s/APNQkAHex3udyskq-4WMCRbL3N-JAZoXlAkqpEHfP8wvufKdRko3ORl_QmplgCSWHw9LYU-4yZSX5NB9ta1UuBSUjPJXgLXccc2RdEuTXoIXdhnG4VPnkcsW3SmiepWztEJaR8CDfhLXbg=s2000-k-no, https://lh3.googleusercontent.com/gps-cs-s/APNQkAEcYBvKQzHdHTqYUIKObmuoewnsW4FadMRcwgN109BDt70rEFQxiu1RJEnRdE7YsBilz_hH-ddTHvPYkvnYW88oU-jhnfjDcqomqScXg13NCvcIwwcPPp8goueXAyiqz9UbWaI=s2000-k-no"
Bristol Home Inc,3.9,3,Assisted living facility,1500 Main St,+1 (716) 884 4371,Permanently closed,http://www.bristolhome.org/,https://www.google.com/maps/place/Bristol+Home+Inc/data=!4m7!3m6!1s0x89d312ec2d1ae245:0x85e6289485bf5673!8m2!3d42.914218!4d-78.8654004!16s%2Fg%2F1tf32c5_!19sChIJReIaLewS04kRc1a_hZQo5oU?authuser=0&hl=en&rclk=1,"1500 Main St, Buffalo, NY 14209"," W47M+MR Buffalo, New York",,,42.914218,-78.8654004,
